,Gender,Married,Education,Self_Employed,ApplicantIncome,CoapplicantIncome,LoanAmount,Loan_Amount_Term,Credit_History,Loan_Status,Applicant_log,CoapplicantIncome_log,LoanAmount_log,new_income,loan,EMI,Dependents_1,Dependents_2,Dependents_3,Property_Area_Semiurban,Property_Area_Urban
0,1,0,0,0,5849.0,0.0,146.41216216216216,360.0,1.0,1,8.674196940225903,0.0,4.9932324876279095,0,0,0.40670045045045045,0,0,0,0,1
1,1,1,0,0,4583.0,1508.0,128.0,360.0,1.0,0,8.430327258394575,7.319202458767849,4.859812404361672,0,0,0.35555555555555557,1,0,0,0,0
2,1,1,0,1,3000.0,0.0,66.0,360.0,1.0,1,8.006700845440367,0.0,4.204692619390966,0,0,0.18333333333333332,0,0,0,0,1
3,1,1,1,0,2583.0,2358.0,120.0,360.0,1.0,1,7.857093864902493,7.765993079407675,4.795790545596741,0,0,0.3333333333333333,0,0,0,0,1
4,1,0,0,0,6000.0,0.0,141.0,360.0,1.0,1,8.699681400989514,0.0,4.955827057601261,0,0,0.39166666666666666,0,0,0,0,1
5,1,1,0,1,5417.0,4196.0,164.75,360.0,1.0,1,8.59748202264504,8.34212526333359,5.5909869805108565,0,0,0.7416666666666667,0,1,0,0,1
6,1,1,1,0,2333.0,1516.0,95.0,360.0,1.0,1,7.755338812846501,7.324489979348532,4.564348191467836,0,0,0.2638888888888889,0,0,0,0,1
7,1,1,0,0,3036.0,2504.0,158.0,360.0,1.0,0,8.01862546504575,7.826044013518965,5.0689042022202315,0,0,0.4388888888888889,0,0,1,1,0
8,1,1,0,0,4006.0,1526.0,168.0,360.0,1.0,1,8.295798110636145,7.3310603052186325,5.1298987149230735,0,0,0.4666666666666667,0,1,0,0,1
9,1,1,0,0,12841.0,2297.25,164.75,360.0,1.0,0,9.460476328353995,9.302828391411333,5.857933154483459,0,0,0.9694444444444444,1,0,0,1,0
10,1,1,0,0,3200.0,700.0,70.0,360.0,1.0,1,8.071218539969863,6.55250788703459,4.2626798770413155,0,0,0.19444444444444445,0,1,0,0,1
11,1,1,0,0,2500.0,1840.0,109.0,360.0,1.0,1,7.824445930877619,7.518064181233078,4.700480365792417,0,0,0.30277777777777776,0,1,0,0,1
12,1,1,0,0,3073.0,2297.25,200.0,360.0,1.0,1,8.03073492409854,9.000483164987708,5.303304908059076,0,0,0.5555555555555556,0,1,0,0,1
13,1,0,0,0,1853.0,2840.0,114.0,360.0,1.0,0,7.5251007461258,7.951911381854188,4.74493212836325,0,0,0.31666666666666665,0,0,0,0,0
14,1,1,0,0,1299.0,1086.0,17.0,120.0,1.0,1,7.170119543449628,6.99117688712121,2.8903717578961645,0,0,0.14166666666666666,0,1,0,0,1
15,1,0,0,0,4950.0,0.0,125.0,360.0,1.0,1,8.507344855361422,0.0,4.836281906951478,0,0,0.3472222222222222,0,0,0,0,1
16,1,0,1,0,3596.0,0.0,100.0,240.0,1.0,1,8.187855443695623,0.0,4.61512051684126,0,0,0.4166666666666667,1,0,0,0,1
17,0,0,0,0,3510.0,0.0,76.0,360.0,1.0,0,8.163656176168432,0.0,4.343805421853684,0,0,0.2111111111111111,0,0,0,0,1
18,1,1,1,0,4887.0,0.0,133.0,360.0,1.0,0,8.494538500851432,0.0,4.897839799950911,0,0,0.36944444444444446,0,0,0,0,0
19,1,1,0,0,2600.0,3500.0,115.0,342.0,1.0,1,7.8636512654486515,8.160803920954665,4.7535901911063645,0,0,0.3362573099415205,0,0,0,0,1
20,1,1,1,0,7660.0,0.0,104.0,360.0,1.0,0,8.94389780251682,0.0,4.653960350157523,0,0,0.28888888888888886,0,0,0,0,1
21,1,1,0,0,5955.0,5625.0,164.75,360.0,1.0,1,8.6921543938039,8.635153989049803,5.755742213586912,0,0,0.875,1,0,0,0,1
22,1,1,1,0,2600.0,1911.0,116.0,360.0,1.0,0,7.8636512654486515,7.555905093611346,4.762173934797756,0,0,0.32222222222222224,0,0,0,1,0
23,1,1,1,0,3365.0,1917.0,112.0,360.0,1.0,0,8.121480374750751,7.559038255443384,4.727387818712341,0,0,0.3111111111111111,0,1,0,0,0
24,1,1,0,0,3717.0,2925.0,151.0,360.0,1.0,0,8.220941168281389,7.98139158158007,5.0238805208462765,0,0,0.41944444444444445,1,0,0,1,0
25,1,1,0,1,9560.0,0.0,191.0,360.0,1.0,1,9.165447603085447,0.0,5.2574953720277815,0,0,0.5305555555555556,0,0,0,1,0
26,1,1,0,0,2799.0,2253.0,122.0,360.0,1.0,1,7.937374696163295,7.720461694599722,4.812184355372417,0,0,0.3388888888888889,0,0,0,1,0
27,1,1,1,0,4226.0,1040.0,110.0,360.0,1.0,1,8.34924780056679,6.947937068614969,4.709530201312334,0,0,0.3055555555555556,0,1,0,0,1
28,1,0,1,0,1442.0,0.0,35.0,360.0,1.0,0,7.274479558773871,0.0,3.58351893845611,0,0,0.09722222222222222,0,0,0,0,1
29,0,0,0,0,3750.0,2083.0,120.0,360.0,1.0,1,8.229777750081887,7.642044402873258,4.795790545596741,0,0,0.3333333333333333,0,1,0,1,0
30,1,1,0,0,4166.0,3369.0,201.0,360.0,1.0,0,8.334951631422454,8.122668023346407,5.308267697401205,0,0,0.5583333333333333,1,0,0,0,1
31,1,0,0,0,3167.0,0.0,74.0,360.0,1.0,0,8.060855752934316,0.0,4.31748811353631,0,0,0.20555555555555555,0,0,0,0,1
32,1,0,0,1,4692.0,0.0,106.0,360.0,1.0,0,8.453827315794417,0.0,4.672828834461906,0,0,0.29444444444444445,1,0,0,0,0
33,1,1,0,0,3500.0,1667.0,114.0,360.0,1.0,1,8.160803920954665,7.419380582918692,4.74493212836325,0,0,0.31666666666666665,0,0,0,1,0
34,1,0,0,0,12500.0,3000.0,164.75,360.0,1.0,0,9.433563920090563,8.006700845440367,5.771441123130016,0,0,0.8888888888888888,0,0,1,0,0
35,1,1,0,0,2275.0,2067.0,146.41216216216216,360.0,1.0,1,7.730174795246222,7.63433723562832,4.9932324876279095,0,0,0.40670045045045045,0,0,0,0,1
36,1,1,0,0,1828.0,1330.0,100.0,342.0,1.0,0,7.511524648390866,7.193685818395112,4.61512051684126,0,0,0.29239766081871343,0,0,0,0,1
37,0,1,0,0,3667.0,1459.0,144.0,360.0,1.0,1,8.207401833376355,7.286191714702382,4.976733742420574,0,0,0.4,0,0,0,1,0
38,1,0,0,0,4166.0,2297.25,184.0,360.0,1.0,1,8.334951631422454,8.88336291691676,5.220355825078325,0,0,0.5111111111111111,0,0,0,0,1
39,1,0,1,0,3748.0,1668.0,110.0,360.0,1.0,1,8.229244416735913,7.419979923661835,4.709530201312334,0,0,0.3055555555555556,0,0,0,1,0
40,1,0,0,0,3600.0,0.0,80.0,360.0,1.0,0,8.188966863648876,0.0,4.394449154672439,0,0,0.2222222222222222,0,0,0,0,1
41,1,0,0,0,1800.0,1213.0,47.0,360.0,1.0,1,7.496097345175956,7.101675971619444,3.8712010109078907,0,0,0.13055555555555556,0,0,0,0,1
42,1,1,0,0,2400.0,0.0,75.0,360.0,1.0,1,7.783640596221253,0.0,4.330733340286331,0,0,0.20833333333333334,0,0,0,0,1
43,1,1,0,0,3941.0,2336.0,134.0,360.0,1.0,1,8.279443487712665,7.756623334538858,4.90527477843843,0,0,0.37222222222222223,0,0,0,1,0
44,1,1,1,1,4695.0,0.0,96.0,342.0,1.0,1,8.454466361507933,0.0,4.574710978503383,0,0,0.2807017543859649,0,0,0,0,1
45,0,0,0,0,3410.0,0.0,88.0,342.0,1.0,1,8.134760782418645,0.0,4.48863636973214,0,0,0.2573099415204678,0,0,0,0,1
46,1,1,0,0,5649.0,0.0,44.0,360.0,1.0,1,8.639410824140487,0.0,3.8066624897703196,0,0,0.12222222222222222,1,0,0,0,1
47,1,1,0,0,5821.0,0.0,144.0,360.0,1.0,1,8.669399124305569,0.0,4.976733742420574,0,0,0.4,0,0,0,0,1
48,0,1,0,0,2645.0,3440.0,120.0,360.0,1.0,0,7.880804344674901,8.14351740579748,4.795790545596741,0,0,0.3333333333333333,0,0,0,0,1
49,0,0,0,0,4000.0,2275.0,144.0,360.0,1.0,1,8.294299608857235,7.730174795246222,4.976733742420574,0,0,0.4,0,0,0,1,0
50,0,1,1,0,1928.0,1644.0,100.0,360.0,1.0,1,7.564757012905729,7.405495663199472,4.61512051684126,0,0,0.2777777777777778,0,0,0,1,0
51,0,0,0,0,3086.0,0.0,120.0,360.0,1.0,1,8.034955024502159,0.0,4.795790545596741,0,0,0.3333333333333333,0,0,0,1,0
52,0,0,0,0,4230.0,0.0,112.0,360.0,1.0,0,8.350193650720067,0.0,4.727387818712341,0,0,0.3111111111111111,0,0,0,1,0
53,1,1,0,0,4616.0,0.0,134.0,360.0,1.0,0,8.43750042250699,0.0,4.90527477843843,0,0,0.37222222222222223,0,1,0,0,1
54,0,1,0,1,11500.0,0.0,164.75,360.0,1.0,0,9.350189267092581,0.0,5.659482215759621,0,0,0.7944444444444444,1,0,0,0,1
55,1,1,0,0,2708.0,1167.0,97.0,360.0,1.0,1,7.904334842085095,7.0630481633881725,4.584967478670572,0,0,0.26944444444444443,0,1,0,1,0
56,1,1,0,0,2132.0,1591.0,96.0,360.0,1.0,1,7.665284718471351,7.3727463664043285,4.574710978503383,0,0,0.26666666666666666,0,0,0,1,0
57,1,1,0,0,3366.0,2200.0,135.0,360.0,1.0,0,8.121777419161074,7.696667081526462,4.912654885736052,0,0,0.375,0,0,0,0,0
58,1,1,0,0,8080.0,2250.0,180.0,360.0,1.0,1,8.997270906233448,7.719129840906732,5.198497031265826,0,0,0.5,1,0,0,0,1
59,1,1,1,0,3357.0,2859.0,144.0,360.0,1.0,1,8.119100837637486,7.958576903813898,4.976733742420574,0,0,0.4,0,1,0,0,1
60,1,1,0,0,2500.0,3796.0,120.0,360.0,1.0,1,7.824445930877619,8.241966560231802,4.795790545596741,0,0,0.3333333333333333,0,0,0,0,1
61,1,1,0,0,3029.0,0.0,99.0,360.0,1.0,1,8.016317898503415,0.0,4.605170185988092,0,0,0.275,0,0,1,0,1
62,1,1,1,1,2609.0,3449.0,165.0,180.0,1.0,0,7.867105500316739,8.146129510025405,5.111987788356544,0,0,0.9166666666666666,0,0,0,0,0
63,1,1,0,0,4945.0,0.0,146.41216216216216,360.0,1.0,0,8.506334448081361,0.0,4.9932324876279095,0,0,0.40670045045045045,1,0,0,0,0
64,0,0,0,0,4166.0,0.0,116.0,360.0,1.0,0,8.334951631422454,0.0,4.762173934797756,0,0,0.32222222222222224,0,0,0,1,0
65,1,1,0,0,5726.0,4595.0,258.0,360.0,1.0,0,8.652947112393857,8.432941638968646,5.556828061699537,0,0,0.7166666666666667,0,0,0,1,0
66,1,0,1,0,3200.0,2254.0,126.0,180.0,1.0,0,8.071218539969863,7.720905251936779,4.844187086458591,0,0,0.7,0,0,0,0,1
67,1,1,0,0,10750.0,0.0,164.75,360.0,1.0,1,9.282754052485227,0.0,5.746203190540153,0,0,0.8666666666666667,1,0,0,0,1
68,1,1,1,1,7100.0,0.0,125.0,60.0,1.0,1,8.867990898182093,0.0,4.836281906951478,0,0,2.0833333333333335,0,0,1,0,1
69,0,0,0,0,4300.0,0.0,136.0,360.0,1.0,0,8.366602832783736,0.0,4.919980925828125,0,0,0.37777777777777777,0,0,0,1,0
70,1,1,0,0,3208.0,3066.0,172.0,360.0,1.0,1,8.073714641109857,8.028455164114252,5.153291594497779,0,0,0.4777777777777778,0,0,0,0,1
71,1,1,1,1,1875.0,1875.0,97.0,360.0,1.0,1,7.53689712956617,7.53689712956617,4.584967478670572,0,0,0.26944444444444443,0,1,0,1,0
72,1,0,0,0,3500.0,0.0,81.0,300.0,1.0,1,8.160803920954665,0.0,4.406719247264253,0,0,0.27,0,0,0,1,0
73,1,1,1,0,4755.0,0.0,95.0,342.0,1.0,0,8.467162257810672,0.0,4.564348191467836,0,0,0.2777777777777778,0,0,1,1,0
74,1,1,0,1,5266.0,1774.0,187.0,360.0,1.0,1,8.569216219483389,7.4815557019095165,5.236441962829949,0,0,0.5194444444444445,0,0,1,1,0
75,1,0,0,0,3750.0,0.0,113.0,480.0,1.0,0,8.229777750081887,0.0,4.736198448394496,0,0,0.23541666666666666,0,0,0,0,1
76,1,0,0,0,3750.0,4750.0,176.0,360.0,1.0,0,8.229777750081887,8.46611040118692,5.176149732573829,0,0,0.4888888888888889,0,0,0,0,1
77,1,1,0,1,1000.0,3022.0,110.0,360.0,1.0,0,6.90875477931522,8.014004994779459,4.709530201312334,0,0,0.3055555555555556,1,0,0,0,1
78,1,1,0,0,3167.0,4000.0,180.0,300.0,1.0,0,8.060855752934316,8.294299608857235,5.198497031265826,0,0,0.6,0,0,1,1,0
79,1,1,1,1,3333.0,2166.0,130.0,360.0,1.0,1,8.111928063310739,7.681099001536359,4.875197323201151,0,0,0.3611111111111111,0,0,1,1,0
80,0,0,0,0,3846.0,0.0,111.0,360.0,1.0,1,8.255048902752295,0.0,4.718498871295094,0,0,0.30833333333333335,0,0,0,1,0
81,1,1,0,1,2395.0,0.0,146.41216216216216,360.0,1.0,1,7.78155595923534,0.0,4.9932324876279095,0,0,0.40670045045045045,1,0,0,1,0
82,0,1,0,0,1378.0,1881.0,167.0,360.0,1.0,0,7.229113877793302,7.540090320145325,5.123963979403259,0,0,0.4638888888888889,0,1,0,0,1
83,1,1,0,0,6000.0,2250.0,164.75,360.0,1.0,0,8.699681400989514,7.719129840906732,5.583496308781699,0,0,0.7361111111111112,0,0,0,1,0
84,1,1,0,0,3988.0,0.0,50.0,240.0,1.0,1,8.291295851905407,0.0,3.9318256327243257,0,0,0.20833333333333334,1,0,0,0,1
85,1,0,0,0,2366.0,2531.0,136.0,360.0,1.0,1,7.769378609513984,7.836764783264067,4.919980925828125,0,0,0.37777777777777777,0,0,0,1,0
86,1,1,1,0,3333.0,2000.0,99.0,360.0,1.0,1,8.111928063310739,7.601402334583733,4.605170185988092,0,0,0.275,0,1,0,1,0
87,1,1,0,0,2500.0,2118.0,104.0,360.0,1.0,1,7.824445930877619,7.6586995582682995,4.653960350157523,0,0,0.28888888888888886,0,0,0,1,0
88,1,0,0,0,8566.0,0.0,210.0,360.0,1.0,1,9.055672891964043,0.0,5.351858133476067,0,0,0.5833333333333334,0,0,0,0,1
89,1,1,0,0,5695.0,4167.0,175.0,360.0,1.0,1,8.647519453091812,8.335191583433202,5.170483995038151,0,0,0.4861111111111111,0,0,0,1,0
90,1,1,0,0,2958.0,2900.0,131.0,360.0,1.0,1,7.99260665240021,7.972810784121404,4.882801922586371,0,0,0.3638888888888889,0,0,0,1,0
91,1,1,0,0,6250.0,5654.0,188.0,180.0,1.0,1,8.740496729931813,8.640295388550221,5.241747015059643,0,0,1.0444444444444445,0,1,0,1,0
92,1,1,1,0,3273.0,1820.0,81.0,360.0,1.0,1,8.09376775793108,7.507141079727608,4.406719247264253,0,0,0.225,0,1,0,0,1
93,1,0,0,0,4133.0,0.0,122.0,360.0,1.0,1,8.327000740241713,0.0,4.812184355372417,0,0,0.3388888888888889,0,0,0,1,0
94,1,0,1,0,3620.0,0.0,25.0,120.0,1.0,1,8.19450550976564,0.0,3.258096538021482,0,0,0.20833333333333334,0,0,0,1,0
95,1,0,0,0,6782.0,0.0,146.41216216216216,360.0,1.0,0,8.82217476094608,0.0,4.9932324876279095,0,0,0.40670045045045045,0,0,0,0,1
96,0,1,0,0,2484.0,2302.0,137.0,360.0,1.0,1,7.818027938530729,7.741967899820685,4.927253685157205,0,0,0.38055555555555554,0,0,0,1,0
97,1,1,0,0,1977.0,997.0,50.0,360.0,1.0,1,7.589841512182657,6.905753276311464,3.9318256327243257,0,0,0.1388888888888889,0,0,0,1,0
98,1,1,1,0,4188.0,0.0,115.0,180.0,1.0,1,8.340217320947035,0.0,4.7535901911063645,0,0,0.6388888888888888,0,0,0,1,0
99,1,1,0,0,1759.0,3541.0,131.0,360.0,1.0,1,7.473069088032197,8.17244681834278,4.882801922586371,0,0,0.3638888888888889,0,0,0,1,0
100,1,1,1,0,4288.0,3263.0,133.0,180.0,1.0,1,8.36380888451688,8.090708716083997,4.897839799950911,0,0,0.7388888888888889,0,1,0,0,1
101,1,0,0,0,4843.0,3806.0,151.0,360.0,1.0,1,8.485496104672983,8.244596756382498,5.0238805208462765,0,0,0.41944444444444445,0,0,0,1,0
102,1,1,0,0,13650.0,0.0,146.41216216216216,360.0,1.0,1,9.521568058002977,0.0,4.9932324876279095,0,0,0.40670045045045045,0,0,0,0,1
103,1,1,0,0,4652.0,3583.0,146.41216216216216,360.0,1.0,1,8.445267451844648,8.18423477409482,4.9932324876279095,0,0,0.40670045045045045,0,0,0,1,0
104,1,1,0,0,3816.0,754.0,160.0,360.0,1.0,1,8.247220052745229,6.626717749249025,5.081404364984463,0,0,0.4444444444444444,0,0,0,0,1
105,1,1,0,0,3052.0,1030.0,100.0,360.0,1.0,1,8.023879992734878,6.93828448401696,4.61512051684126,0,0,0.2777777777777778,1,0,0,0,1
106,1,1,0,0,11417.0,1126.0,225.0,360.0,1.0,1,9.342946336524204,7.027314514039777,5.420534999272286,0,0,0.625,0,1,0,0,1
107,1,0,1,0,7333.0,0.0,120.0,360.0,1.0,0,8.900276348631271,0.0,4.795790545596741,0,0,0.3333333333333333,0,0,0,0,0
108,1,1,0,0,3800.0,3600.0,216.0,360.0,1.0,0,8.24301946898925,8.188966863648876,5.37989735354046,0,0,0.6,0,1,0,0,1
109,1,1,1,0,2071.0,754.0,94.0,480.0,1.0,1,7.6362696033793735,6.626717749249025,4.553876891600541,0,0,0.19583333333333333,0,0,1,1,0
110,1,0,0,0,5316.0,0.0,136.0,360.0,1.0,1,8.57866451350434,0.0,4.919980925828125,0,0,0.37777777777777777,0,0,0,0,1
111,0,1,0,0,2929.0,2333.0,139.0,360.0,1.0,1,7.982757702011113,7.755338812846501,4.941642422609304,0,0,0.3861111111111111,0,0,0,1,0
112,1,1,1,0,3572.0,4114.0,152.0,342.0,1.0,0,8.181160858023409,8.32239411311117,5.030437921392435,0,0,0.4444444444444444,0,0,0,0,0
113,0,0,0,1,7451.0,0.0,146.41216216216216,360.0,1.0,1,8.916237731721479,0.0,4.9932324876279095,0,0,0.40670045045045045,1,0,0,1,0
114,1,0,0,0,5050.0,0.0,118.0,360.0,1.0,1,8.527341522468053,0.0,4.77912349311153,0,0,0.3277777777777778,0,0,0,1,0
115,1,1,0,0,14583.0,0.0,185.0,180.0,1.0,1,9.5876803163585,0.0,5.225746673713202,0,0,1.0277777777777777,1,0,0,0,0
116,0,1,0,0,3167.0,2283.0,154.0,360.0,1.0,1,8.060855752934316,7.7336835707759,5.043425116919247,0,0,0.42777777777777776,0,0,0,1,0
117,1,1,0,0,2214.0,1398.0,85.0,360.0,1.0,1,7.703007682479236,7.243512974665482,4.454347296253507,0,0,0.2361111111111111,1,0,0,0,1
118,1,1,0,0,5568.0,2142.0,175.0,360.0,1.0,0,8.624970783589669,7.669961995473577,5.170483995038151,0,0,0.4861111111111111,0,0,0,0,0
119,0,0,0,0,10408.0,0.0,259.0,360.0,1.0,1,9.250426095515468,0.0,5.560681631015528,0,0,0.7194444444444444,0,0,0,0,1
120,1,1,0,0,5667.0,2667.0,180.0,360.0,1.0,1,8.64259160081057,7.889084407035514,5.198497031265826,0,0,0.5,0,0,0,0,0
121,0,0,0,0,4166.0,0.0,44.0,360.0,1.0,1,8.334951631422454,0.0,3.8066624897703196,0,0,0.12222222222222222,0,0,0,1,0
122,0,0,0,0,2137.0,2297.25,137.0,360.0,1.0,1,7.6676260915849905,9.10286651367095,4.927253685157205,0,0,0.38055555555555554,0,0,0,1,0
123,1,1,0,0,2957.0,0.0,81.0,360.0,1.0,1,7.992268643270745,0.0,4.406719247264253,0,0,0.225,0,1,0,1,0
124,1,1,1,0,4300.0,2014.0,194.0,360.0,1.0,1,8.366602832783736,7.608374474380783,5.272999558563747,0,0,0.5388888888888889,0,0,0,0,0
125,0,0,0,0,3692.0,0.0,93.0,360.0,1.0,1,8.214194414852564,0.0,4.543294782270004,0,0,0.25833333333333336,0,0,0,0,0
126,1,1,0,0,23803.0,0.0,164.75,360.0,1.0,1,10.077608912764743,0.0,5.916202062607435,0,0,1.0277777777777777,0,0,1,0,0
127,1,0,0,0,3865.0,1640.0,146.41216216216216,360.0,1.0,1,8.259975659768276,7.403061091090091,4.9932324876279095,0,0,0.40670045045045045,0,0,0,0,0
128,1,1,0,1,10513.0,3850.0,160.0,180.0,1.0,0,9.260462981379394,8.25608813381491,5.081404364984463,0,0,0.8888888888888888,1,0,0,0,1
129,1,1,0,0,6080.0,2569.0,182.0,360.0,1.0,0,8.71292443512011,7.851661177889265,5.209486152841421,0,0,0.5055555555555555,0,0,0,0,0
130,1,0,0,1,20166.0,0.0,164.75,480.0,1.0,1,9.911802884139842,0.0,6.478509642208569,0,0,1.3541666666666667,0,0,0,0,1
131,1,0,0,0,2014.0,1929.0,74.0,360.0,1.0,1,7.608374474380783,7.5652752818989315,4.31748811353631,0,0,0.20555555555555555,0,0,0,0,1
132,1,0,0,0,2718.0,0.0,70.0,360.0,1.0,1,7.908019444632471,0.0,4.2626798770413155,0,0,0.19444444444444445,0,0,0,1,0
133,1,1,0,1,3459.0,0.0,25.0,120.0,1.0,1,8.14902386805177,0.0,3.258096538021482,0,0,0.20833333333333334,0,0,0,1,0
134,1,0,0,0,4895.0,0.0,102.0,360.0,1.0,1,8.496173824192162,0.0,4.634728988229636,0,0,0.2833333333333333,0,0,0,1,0
135,1,1,0,0,4000.0,2297.25,164.75,360.0,1.0,0,8.294299608857235,8.955577146281511,5.673323267171493,0,0,0.8055555555555556,0,0,1,1,0
136,0,1,0,0,4583.0,0.0,84.0,360.0,1.0,0,8.430327258394575,0.0,4.442651256490317,0,0,0.23333333333333334,0,0,0,0,0
137,1,1,0,1,3316.0,3500.0,88.0,360.0,1.0,1,8.106816038947052,8.160803920954665,4.48863636973214,0,0,0.24444444444444444,0,1,0,0,1
138,1,0,0,0,14999.0,0.0,242.0,360.0,1.0,0,9.615805480084347,0.0,5.493061443340548,0,0,0.6722222222222223,0,0,0,1,0
139,1,1,1,0,4200.0,1430.0,129.0,360.0,1.0,0,8.343077871169383,7.266128779556451,4.867534450455582,0,0,0.35833333333333334,0,1,0,0,0
140,1,1,0,0,5042.0,2083.0,185.0,360.0,1.0,0,8.525756422076725,7.642044402873258,5.225746673713202,0,0,0.5138888888888888,0,1,0,0,0
141,1,0,0,0,5417.0,0.0,168.0,360.0,1.0,1,8.59748202264504,0.0,5.1298987149230735,0,0,0.4666666666666667,0,0,0,0,1
142,1,0,0,1,6950.0,0.0,175.0,180.0,1.0,1,8.846640813100485,0.0,5.170483995038151,0,0,0.9722222222222222,0,0,0,1,0
143,1,1,0,0,2698.0,2034.0,122.0,360.0,1.0,1,7.900636613018005,7.618251097876695,4.812184355372417,0,0,0.3388888888888889,0,0,0,1,0
144,1,1,0,0,11757.0,0.0,187.0,180.0,1.0,1,9.3722891389622,0.0,5.236441962829949,0,0,1.038888888888889,0,1,0,0,1
145,0,1,0,0,2330.0,4486.0,100.0,360.0,1.0,1,7.754052639035757,8.408939605975984,4.61512051684126,0,0,0.2777777777777778,0,0,0,1,0
146,0,1,0,0,14866.0,0.0,70.0,360.0,1.0,1,9.60689927061335,0.0,4.2626798770413155,0,0,0.19444444444444445,0,1,0,0,1
147,1,1,0,0,1538.0,1425.0,30.0,360.0,1.0,1,7.338888133838879,7.262628600974241,3.4339872044851463,0,0,0.08333333333333333,1,0,0,0,1
148,0,0,0,0,10000.0,1666.0,225.0,360.0,1.0,0,9.210440366976517,7.418780882750794,5.420534999272286,0,0,0.625,0,0,0,0,0
149,1,1,0,0,4860.0,830.0,125.0,360.0,1.0,1,8.488999457045455,6.7226297948554485,4.836281906951478,0,0,0.3472222222222222,0,0,0,1,0
150,1,0,0,0,6277.0,0.0,118.0,360.0,1.0,0,8.744806737401898,0.0,4.77912349311153,0,0,0.3277777777777778,0,0,0,0,0
151,1,1,0,1,2577.0,3750.0,152.0,360.0,1.0,1,7.8547691834991324,8.229777750081887,5.030437921392435,0,0,0.4222222222222222,0,0,0,0,0
152,1,0,0,0,9166.0,0.0,244.0,360.0,1.0,0,9.123365357961776,0.0,5.501258210544727,0,0,0.6777777777777778,0,0,0,0,1
153,1,1,1,0,2281.0,0.0,113.0,360.0,1.0,0,7.732807530422021,0.0,4.736198448394496,0,0,0.3138888888888889,0,1,0,0,0
154,1,0,0,0,3254.0,0.0,50.0,360.0,1.0,1,8.08794755464267,0.0,3.9318256327243257,0,0,0.1388888888888889,0,0,0,0,1
155,1,1,0,0,39999.0,0.0,164.75,180.0,1.0,1,10.596634733096073,0.0,6.398594934535208,0,0,3.3333333333333335,0,0,1,1,0
156,1,1,0,0,6000.0,0.0,160.0,360.0,1.0,1,8.699681400989514,0.0,5.081404364984463,0,0,0.4444444444444444,1,0,0,0,0
157,1,1,0,0,9538.0,0.0,187.0,360.0,1.0,1,9.163143937145207,0.0,5.236441962829949,0,0,0.5194444444444445,1,0,0,0,1
158,1,0,0,0,2980.0,2083.0,120.0,360.0,1.0,1,8.000014093678072,7.642044402873258,4.795790545596741,0,0,0.3333333333333333,0,0,0,0,0
159,1,1,0,0,4583.0,5625.0,255.0,360.0,1.0,1,8.430327258394575,8.635153989049803,5.545177444479562,0,0,0.7083333333333334,0,0,0,1,0
160,1,1,1,0,1863.0,1041.0,98.0,360.0,1.0,1,7.530479995245536,6.948897222313312,4.59511985013459,0,0,0.2722222222222222,0,0,0,1,0
161,1,1,0,0,7933.0,0.0,164.75,360.0,1.0,0,8.978912601074276,0.0,5.62040086571715,0,0,0.7638888888888888,0,0,0,0,1
162,1,1,0,0,3089.0,1280.0,121.0,360.0,1.0,0,8.035926369891792,7.155396301896734,4.804021044733257,0,0,0.33611111111111114,1,0,0,1,0
163,1,1,0,0,4167.0,1447.0,158.0,360.0,1.0,1,8.335191583433202,7.277938572945661,5.0689042022202315,0,0,0.4388888888888889,0,1,0,0,0
164,1,1,0,0,9323.0,0.0,75.0,180.0,1.0,1,9.140347000155648,0.0,4.330733340286331,0,0,0.4166666666666667,0,0,0,0,1
165,1,1,0,0,3707.0,3166.0,182.0,342.0,1.0,1,8.218247926685745,8.06054004653864,5.209486152841421,0,0,0.5321637426900585,0,0,0,0,0
166,0,1,0,0,4583.0,0.0,112.0,360.0,1.0,0,8.430327258394575,0.0,4.727387818712341,0,0,0.3111111111111111,0,0,0,0,0
167,1,1,0,0,2439.0,3333.0,129.0,360.0,1.0,1,7.799753318287247,8.111928063310739,4.867534450455582,0,0,0.35833333333333334,0,0,0,0,0
168,1,0,0,0,2237.0,0.0,63.0,480.0,1.0,0,7.71333788887187,0.0,4.1588830833596715,0,0,0.13125,0,0,0,1,0
169,1,1,0,0,8000.0,0.0,200.0,360.0,1.0,1,8.987321812850125,0.0,5.303304908059076,0,0,0.5555555555555556,0,1,0,1,0
170,1,1,1,0,1820.0,1769.0,95.0,360.0,1.0,1,7.507141079727608,7.478734825567875,4.564348191467836,0,0,0.2638888888888889,0,0,0,0,0
171,1,1,0,0,51763.0,0.0,164.75,300.0,1.0,1,10.85445020594156,0.0,6.55250788703459,0,0,2.3333333333333335,0,0,1,0,1
172,1,1,1,0,3522.0,0.0,81.0,180.0,1.0,0,8.167068178341237,0.0,4.406719247264253,0,0,0.45,0,0,1,0,0
173,1,1,0,0,5708.0,5625.0,187.0,360.0,1.0,1,8.64979915596426,8.635153989049803,5.236441962829949,0,0,0.5194444444444445,0,0,0,1,0
174,1,1,1,1,4344.0,736.0,87.0,360.0,1.0,0,8.376781037699493,6.602587892189336,4.477336814478207,0,0,0.24166666666666667,0,0,0,1,0
175,1,1,0,0,3497.0,1964.0,116.0,360.0,1.0,1,8.159946655578548,7.583247524303362,4.762173934797756,0,0,0.32222222222222224,0,0,0,0,0
176,1,1,0,0,2045.0,1619.0,101.0,360.0,1.0,1,7.6236419465115715,7.3901814282264295,4.624972813284271,0,0,0.28055555555555556,0,1,0,0,0
177,1,1,0,0,5516.0,2297.25,164.75,360.0,1.0,0,8.61558951327243,9.332646496360152,6.206575926724928,0,0,1.375,0,0,1,1,0
178,1,1,0,0,3750.0,0.0,116.0,360.0,1.0,1,8.229777750081887,0.0,4.762173934797756,0,0,0.32222222222222224,1,0,0,1,0
179,1,0,1,0,2333.0,1451.0,102.0,480.0,1.0,0,7.755338812846501,7.280697195384741,4.634728988229636,0,0,0.2125,0,0,0,0,1
180,1,1,0,0,6400.0,2297.25,180.0,360.0,1.0,0,8.764209507142004,8.888894669371593,5.198497031265826,0,0,0.5,1,0,0,0,1
181,1,0,0,0,1916.0,5063.0,67.0,360.0,1.0,0,7.558516743045645,8.529911963824013,4.219507705176107,0,0,0.18611111111111112,0,0,0,0,0
182,1,1,0,0,4600.0,0.0,73.0,180.0,1.0,1,8.434028950155469,0.0,4.304065093204169,0,0,0.40555555555555556,0,0,0,1,0
183,1,1,0,0,33846.0,0.0,260.0,360.0,1.0,0,10.429605648120413,0.0,5.564520407322694,0,0,0.7222222222222222,1,0,0,1,0
184,0,1,0,0,3625.0,0.0,108.0,360.0,1.0,1,8.195885391314796,0.0,4.6913478822291435,0,0,0.3,0,0,0,1,0
185,1,1,0,1,39147.0,4750.0,120.0,360.0,1.0,1,10.57510461454571,8.46611040118692,4.795790545596741,0,0,0.3333333333333333,0,0,0,1,0
186,1,1,0,1,2178.0,0.0,66.0,300.0,1.0,0,7.68662133494462,0.0,4.204692619390966,0,0,0.22,1,0,0,0,0
187,1,1,0,0,2383.0,2138.0,58.0,360.0,1.0,1,7.776535028185241,7.668093709082406,4.07753744390572,0,0,0.16111111111111112,0,0,0,0,0
188,1,1,0,1,674.0,5296.0,168.0,360.0,1.0,1,6.51471269087253,8.574895901544526,5.1298987149230735,0,0,0.4666666666666667,0,0,0,0,0
189,1,1,0,0,9328.0,0.0,188.0,180.0,1.0,1,9.140883106960962,0.0,5.241747015059643,0,0,1.0444444444444445,0,0,0,0,0
190,1,0,1,0,4885.0,0.0,48.0,360.0,1.0,1,8.494129251817686,0.0,3.8918202981106265,0,0,0.13333333333333333,0,0,0,0,0
191,1,0,0,0,12000.0,0.0,164.0,360.0,1.0,0,9.392745258631441,0.0,5.10594547390058,0,0,0.45555555555555555,0,0,0,1,0
192,1,1,1,0,6033.0,0.0,160.0,360.0,1.0,0,8.705165419719007,0.0,5.081404364984463,0,0,0.4444444444444444,0,0,0,0,1
193,1,0,0,0,3858.0,0.0,76.0,360.0,1.0,1,8.258163361537619,0.0,4.343805421853684,0,0,0.2111111111111111,0,0,0,1,0
194,1,0,0,0,4191.0,0.0,120.0,360.0,1.0,1,8.340933226000878,0.0,4.795790545596741,0,0,0.3333333333333333,0,0,0,0,0
195,1,1,0,0,3125.0,2583.0,170.0,360.0,1.0,0,8.047509510981422,7.857093864902493,5.14166355650266,0,0,0.4722222222222222,1,0,0,1,0
196,1,0,0,0,8333.0,3750.0,187.0,360.0,1.0,1,9.0280988119824,8.229777750081887,5.236441962829949,0,0,0.5194444444444445,0,0,0,0,0
197,0,0,1,0,1907.0,2365.0,120.0,342.0,1.0,1,7.553810852008231,7.768956044538332,4.795790545596741,0,0,0.3508771929824561,0,0,0,0,1
198,0,1,0,0,3416.0,2816.0,113.0,360.0,1.0,1,8.136518252115291,7.943427767876373,4.736198448394496,0,0,0.3138888888888889,0,0,0,1,0
199,1,0,0,1,11000.0,0.0,83.0,360.0,1.0,0,9.305741456739435,0.0,4.430816798843313,0,0,0.23055555555555557,0,0,0,0,1
200,1,1,1,0,2600.0,2500.0,90.0,360.0,1.0,1,7.8636512654486515,7.824445930877619,4.51085950651685,0,0,0.25,1,0,0,1,0
201,1,0,0,0,4923.0,0.0,166.0,360.0,1.0,1,8.501876487304344,0.0,5.117993812416755,0,0,0.46111111111111114,0,1,0,1,0
202,1,1,1,0,3992.0,0.0,146.41216216216216,180.0,1.0,0,8.292298107063221,0.0,4.9932324876279095,0,0,0.8134009009009009,0,0,1,0,1
203,1,1,1,0,3500.0,1083.0,135.0,360.0,1.0,1,8.160803920954665,6.988413181999592,4.912654885736052,0,0,0.375,1,0,0,0,1
204,1,1,1,0,3917.0,0.0,124.0,360.0,1.0,1,8.273336598504486,0.0,4.8283137373023015,0,0,0.34444444444444444,0,1,0,1,0
205,0,0,1,0,4408.0,0.0,120.0,360.0,1.0,1,8.391403185357937,0.0,4.795790545596741,0,0,0.3333333333333333,0,0,0,1,0
206,0,0,0,0,3244.0,0.0,80.0,360.0,1.0,1,8.08487062913819,0.0,4.394449154672439,0,0,0.2222222222222222,0,0,0,0,1
207,1,0,1,0,3975.0,2531.0,55.0,360.0,1.0,1,8.288031567776464,7.836764783264067,4.02535169073515,0,0,0.1527777777777778,0,0,0,0,0
208,1,0,0,0,2479.0,0.0,59.0,360.0,1.0,1,7.8160138391590275,0.0,4.0943445622221,0,0,0.1638888888888889,0,0,0,0,1
209,1,0,0,0,3418.0,0.0,127.0,360.0,1.0,0,8.137103389639302,0.0,4.852030263919617,0,0,0.3527777777777778,0,0,0,1,0
210,0,0,0,0,10000.0,0.0,214.0,360.0,1.0,0,9.210440366976517,0.0,5.3706380281276624,0,0,0.5944444444444444,0,0,0,1,0
211,1,1,0,0,3430.0,1250.0,128.0,360.0,1.0,0,8.14060704285845,7.1316985104669115,4.859812404361672,0,0,0.35555555555555557,0,0,1,1,0
212,1,1,0,1,7787.0,0.0,240.0,360.0,1.0,1,8.960339366492091,0.0,5.484796933490655,0,0,0.6666666666666666,1,0,0,0,1
213,1,1,1,1,5703.0,0.0,130.0,360.0,1.0,1,8.648922962094131,0.0,4.875197323201151,0,0,0.3611111111111111,0,0,1,0,0
214,1,1,0,0,3173.0,3021.0,137.0,360.0,1.0,1,8.062747901086354,8.013674142832684,4.927253685157205,0,0,0.38055555555555554,0,0,0,0,1
215,1,1,1,0,3850.0,983.0,100.0,360.0,1.0,1,8.25608813381491,6.891625897052253,4.61512051684126,0,0,0.2777777777777778,0,0,1,1,0
216,1,1,0,0,150.0,1800.0,135.0,360.0,1.0,0,5.017279836814924,7.496097345175956,4.912654885736052,0,0,0.375,0,0,0,0,0
217,1,1,0,0,3727.0,1775.0,131.0,360.0,1.0,1,8.223627175805483,7.4821189235521155,4.882801922586371,0,0,0.3638888888888889,0,0,0,1,0
218,1,1,0,0,5000.0,0.0,72.0,360.0,1.0,0,8.517393171418904,0.0,4.290459441148391,0,0,0.2,0,1,0,1,0
219,0,1,0,0,4283.0,2383.0,127.0,360.0,1.0,1,8.36264243156764,7.776535028185241,4.852030263919617,0,0,0.3527777777777778,0,1,0,1,0
220,1,1,0,0,2221.0,0.0,60.0,360.0,1.0,0,7.706162970199575,0.0,4.110873864173311,0,0,0.16666666666666666,0,0,0,0,1
221,1,1,0,0,4009.0,1717.0,116.0,360.0,1.0,1,8.296546520300614,7.4489161025442,4.762173934797756,0,0,0.32222222222222224,0,1,0,1,0
222,1,0,0,0,2971.0,2791.0,144.0,360.0,1.0,1,7.99699040583765,7.934513463882263,4.976733742420574,0,0,0.4,0,0,0,1,0
223,1,1,0,0,7578.0,1010.0,175.0,342.0,1.0,1,8.93313654381203,6.918695219020472,5.170483995038151,0,0,0.5116959064327485,0,0,0,1,0
224,1,1,0,0,6250.0,0.0,128.0,360.0,1.0,1,8.740496729931813,0.0,4.859812404361672,0,0,0.35555555555555557,0,0,0,1,0
225,1,1,0,0,3250.0,0.0,170.0,360.0,1.0,0,8.086717920303906,0.0,5.14166355650266,0,0,0.4722222222222222,0,0,0,0,0
226,1,1,1,1,4735.0,0.0,138.0,360.0,1.0,0,8.462948176563842,0.0,4.9344739331306915,0,0,0.38333333333333336,0,0,0,0,1
227,1,1,0,0,6250.0,1695.0,210.0,360.0,1.0,1,8.740496729931813,7.4360278163518485,5.351858133476067,0,0,0.5833333333333334,0,1,0,1,0
228,1,1,0,0,4758.0,0.0,158.0,480.0,1.0,1,8.46779284112111,0.0,5.0689042022202315,0,0,0.32916666666666666,0,0,0,1,0
229,1,0,0,1,6400.0,0.0,200.0,360.0,1.0,1,8.764209507142004,0.0,5.303304908059076,0,0,0.5555555555555556,0,0,0,0,0
230,1,1,0,0,2491.0,2054.0,104.0,360.0,1.0,1,7.820840879907344,7.628031126930335,4.653960350157523,0,0,0.28888888888888886,1,0,0,1,0
231,1,1,0,0,3716.0,0.0,42.0,180.0,1.0,1,8.220672170297252,0.0,3.7612001156935624,0,0,0.23333333333333334,0,0,0,0,0
232,1,0,1,0,3189.0,2598.0,120.0,342.0,1.0,1,8.06777619577889,7.8628820346414905,4.795790545596741,0,0,0.3508771929824561,0,0,0,0,0
233,0,0,0,0,8333.0,0.0,164.75,360.0,1.0,1,9.0280988119824,0.0,5.638354669333745,0,0,0.7777777777777778,0,0,0,1,0
234,1,1,0,0,3155.0,1779.0,140.0,360.0,1.0,1,8.057060681965766,7.484368643286131,4.948759890378168,0,0,0.3888888888888889,1,0,0,1,0
235,1,1,0,0,5500.0,1260.0,170.0,360.0,1.0,1,8.612685172875459,7.139660335964919,5.14166355650266,0,0,0.4722222222222222,1,0,0,0,0
236,1,1,0,0,5746.0,0.0,255.0,360.0,1.0,0,8.656433258507741,0.0,5.545177444479562,0,0,0.7083333333333334,0,0,0,0,1
237,0,0,0,1,3463.0,0.0,122.0,360.0,1.0,1,8.150179269682326,0.0,4.812184355372417,0,0,0.3388888888888889,0,0,0,0,1
238,0,0,0,0,3812.0,0.0,112.0,360.0,1.0,1,8.246171559857563,0.0,4.727387818712341,0,0,0.3111111111111111,1,0,0,0,0
239,1,1,0,0,3315.0,0.0,96.0,360.0,1.0,1,8.106514516255185,0.0,4.574710978503383,0,0,0.26666666666666666,1,0,0,1,0
240,1,1,0,0,5819.0,5000.0,120.0,360.0,1.0,1,8.669055540725484,8.517393171418904,4.795790545596741,0,0,0.3333333333333333,0,1,0,0,0
241,1,1,1,0,2510.0,1983.0,140.0,180.0,1.0,0,7.828436359157585,7.592870287844818,4.948759890378168,0,0,0.7777777777777778,1,0,0,0,1
242,1,0,0,0,2965.0,5701.0,155.0,60.0,1.0,1,7.994969522697877,8.648572269472618,5.049856007249537,0,0,2.5833333333333335,0,0,0,0,1
243,1,1,0,1,6250.0,1300.0,108.0,360.0,1.0,1,8.740496729931813,7.170888478512505,4.6913478822291435,0,0,0.3,0,1,0,0,0
244,1,1,1,0,3406.0,4417.0,123.0,360.0,1.0,1,8.133587417660966,8.393442383980062,4.820281565605037,0,0,0.3416666666666667,0,0,0,1,0
245,1,0,0,1,6050.0,4333.0,120.0,180.0,1.0,0,8.707978826622321,8.374246182096304,4.795790545596741,0,0,0.6666666666666666,0,0,0,0,1
246,1,1,0,0,9703.0,0.0,112.0,360.0,1.0,1,9.180293450623886,0.0,4.727387818712341,0,0,0.3111111111111111,0,1,0,0,1
247,1,1,1,0,6608.0,0.0,137.0,180.0,1.0,1,8.796187635470453,0.0,4.927253685157205,0,0,0.7611111111111111,1,0,0,0,1
248,1,1,0,0,2882.0,1843.0,123.0,480.0,1.0,1,7.9665866976384025,7.519692404116539,4.820281565605037,0,0,0.25625,1,0,0,1,0
249,1,1,0,0,1809.0,1868.0,90.0,360.0,1.0,1,7.501082124259871,7.533158807455563,4.51085950651685,0,0,0.25,0,0,0,0,1
250,1,1,1,0,1668.0,3890.0,201.0,360.0,1.0,0,7.419979923661835,8.266421472984554,5.308267697401205,0,0,0.5583333333333333,0,0,0,1,0
251,0,0,0,0,3427.0,0.0,138.0,360.0,1.0,0,8.13973227971767,0.0,4.9344739331306915,0,0,0.38333333333333336,0,1,0,0,1
252,1,0,1,1,2583.0,2167.0,104.0,360.0,1.0,1,7.857093864902493,7.681560362559537,4.653960350157523,0,0,0.28888888888888886,0,0,0,0,0
253,1,1,1,0,2661.0,2297.25,164.75,180.0,1.0,1,7.886832998955057,8.868131713503033,5.634789603169249,0,0,1.55,1,0,0,1,0
254,1,0,0,1,16250.0,0.0,192.0,360.0,1.0,0,9.69590972432601,0.0,5.262690188904886,0,0,0.5333333333333333,0,0,0,0,1
255,0,0,0,0,3083.0,0.0,255.0,360.0,1.0,1,8.03398273468322,0.0,5.545177444479562,0,0,0.7083333333333334,0,0,1,0,0
256,1,0,1,0,6045.0,0.0,115.0,360.0,1.0,0,8.707152175339404,0.0,4.7535901911063645,0,0,0.3194444444444444,0,0,0,0,0
257,1,1,0,0,5250.0,0.0,94.0,360.0,1.0,0,8.566173813637858,0.0,4.553876891600541,0,0,0.2611111111111111,0,0,1,0,1
258,1,1,0,0,14683.0,2100.0,164.75,360.0,1.0,0,9.594513744616725,7.650168700845001,5.720311776607412,0,0,0.8444444444444444,0,0,0,0,0
259,1,1,1,0,4931.0,0.0,128.0,360.0,1.0,0,8.503499864284235,0.0,4.859812404361672,0,0,0.35555555555555557,0,0,1,1,0
260,1,1,0,0,6083.0,4250.0,164.75,360.0,1.0,1,8.713417653379183,8.35490952835879,5.802118375377063,0,0,0.9166666666666666,1,0,0,0,1
261,1,0,0,0,2060.0,2209.0,134.0,360.0,1.0,1,7.630946580890459,7.700747794511798,4.90527477843843,0,0,0.37222222222222223,0,0,0,1,0
262,0,0,0,0,3481.0,0.0,155.0,36.0,1.0,0,8.155362120328135,0.0,5.049856007249537,0,0,4.305555555555555,1,0,0,1,0
263,0,0,0,0,7200.0,0.0,120.0,360.0,1.0,1,8.881975184248867,0.0,4.795790545596741,0,0,0.3333333333333333,0,0,0,0,0
264,1,0,0,1,5166.0,0.0,128.0,360.0,1.0,1,8.550047528287184,0.0,4.859812404361672,0,0,0.35555555555555557,0,0,0,1,0
265,1,0,0,0,4095.0,3447.0,151.0,360.0,1.0,1,8.317766166719343,8.145549631783584,5.0238805208462765,0,0,0.41944444444444445,0,0,0,0,0
266,1,1,0,0,4708.0,1387.0,150.0,360.0,1.0,1,8.457230850243555,7.23561914106675,5.017279836814924,0,0,0.4166666666666667,0,1,0,1,0
267,1,1,0,0,4333.0,1811.0,160.0,360.0,1.0,1,8.374246182096304,7.502186486602925,5.081404364984463,0,0,0.4444444444444444,0,0,1,0,1
268,0,0,0,0,3418.0,0.0,135.0,360.0,1.0,0,8.137103389639302,0.0,4.912654885736052,0,0,0.375,0,0,0,0,0
269,0,0,0,0,2876.0,1560.0,90.0,360.0,1.0,1,7.964503363551548,7.353081920515432,4.51085950651685,0,0,0.25,1,0,0,0,1
270,0,0,0,0,3237.0,0.0,30.0,360.0,1.0,1,8.08271113423758,0.0,3.4339872044851463,0,0,0.08333333333333333,0,0,0,0,1
271,1,1,0,0,11146.0,0.0,136.0,360.0,1.0,1,9.318925682389624,0.0,4.919980925828125,0,0,0.37777777777777777,0,0,0,0,1
272,1,0,0,0,2833.0,1857.0,126.0,360.0,1.0,1,7.949444420250626,7.527255919373784,4.844187086458591,0,0,0.35,0,0,0,0,0
273,1,1,0,0,2620.0,2223.0,150.0,360.0,1.0,1,7.8713112033234065,7.707062655370473,5.017279836814924,0,0,0.4166666666666667,0,0,0,1,0
274,1,1,0,0,3900.0,0.0,90.0,360.0,1.0,1,8.268988209506656,0.0,4.51085950651685,0,0,0.25,0,1,0,1,0
275,1,1,0,0,2750.0,1842.0,115.0,360.0,1.0,1,7.919719760924575,7.519149957669823,4.7535901911063645,0,0,0.3194444444444444,1,0,0,1,0
276,1,1,0,0,3993.0,3274.0,207.0,360.0,1.0,1,8.29254851397576,8.094073148069352,5.337538079701318,0,0,0.575,0,0,0,1,0
277,1,1,0,0,3103.0,1300.0,80.0,360.0,1.0,1,8.04044688130311,7.170888478512505,4.394449154672439,0,0,0.2222222222222222,0,0,0,0,1
278,1,1,0,0,14583.0,0.0,164.75,360.0,1.0,1,9.5876803163585,0.0,6.07993319509559,0,0,1.211111111111111,0,0,0,1,0
279,0,1,1,0,4100.0,0.0,124.0,360.0,1.0,1,8.31898612539206,0.0,4.8283137373023015,0,0,0.34444444444444444,0,0,0,0,0
280,1,0,1,1,4053.0,2426.0,158.0,360.0,1.0,0,8.307459327011946,7.794411205726601,5.0689042022202315,0,0,0.4388888888888889,1,0,0,0,1
281,1,1,0,0,3927.0,800.0,112.0,360.0,1.0,1,8.275885669474356,6.68586094706836,4.727387818712341,0,0,0.3111111111111111,0,0,0,1,0
282,1,1,0,0,2301.0,985.8,78.0,180.0,1.0,1,7.741533589281828,6.894467384655202,4.3694478524670215,0,0,0.43333333333333335,0,1,0,0,1
283,0,0,0,0,1811.0,1666.0,54.0,360.0,1.0,1,7.502186486602925,7.418780882750794,4.007333185232471,0,0,0.15,0,0,0,0,1
284,1,1,0,0,20667.0,0.0,146.41216216216216,360.0,1.0,0,9.936341889407075,0.0,4.9932324876279095,0,0,0.40670045045045045,0,0,0,0,0
285,1,0,0,0,3158.0,3053.0,89.0,360.0,1.0,1,8.058010800802085,8.024207485778577,4.499809670330265,0,0,0.24722222222222223,0,0,0,0,0
286,0,0,0,1,2600.0,1717.0,99.0,300.0,1.0,0,7.8636512654486515,7.4489161025442,4.605170185988092,0,0,0.33,0,0,0,1,0
287,1,1,0,0,3704.0,2000.0,120.0,360.0,1.0,1,8.217438537730187,7.601402334583733,4.795790545596741,0,0,0.3333333333333333,0,0,0,0,0
288,0,0,0,0,4124.0,0.0,115.0,360.0,1.0,1,8.324821298768782,0.0,4.7535901911063645,0,0,0.3194444444444444,0,0,0,1,0
289,1,0,0,0,9508.0,0.0,187.0,360.0,1.0,1,9.159993997539445,0.0,5.236441962829949,0,0,0.5194444444444445,0,0,0,0,0
290,1,1,0,0,3075.0,2416.0,139.0,360.0,1.0,1,8.031385330625534,7.790282380703483,4.941642422609304,0,0,0.3861111111111111,0,0,0,0,0
291,1,1,0,0,4400.0,0.0,127.0,360.0,1.0,0,8.38958706681109,0.0,4.852030263919617,0,0,0.3527777777777778,0,1,0,1,0
292,1,1,0,0,3153.0,1560.0,134.0,360.0,1.0,1,8.056426767522984,7.353081920515432,4.90527477843843,0,0,0.37222222222222223,0,1,0,0,1
293,0,0,0,0,5417.0,0.0,143.0,480.0,1.0,0,8.59748202264504,0.0,4.969813299576001,0,0,0.29791666666666666,0,0,0,0,1
294,1,1,0,0,2383.0,3334.0,172.0,360.0,1.0,1,7.776535028185241,8.112227958349724,5.153291594497779,0,0,0.4777777777777778,0,0,0,1,0
295,1,1,0,0,4416.0,1250.0,110.0,360.0,1.0,1,8.393216011596527,7.1316985104669115,4.709530201312334,0,0,0.3055555555555556,0,0,1,0,1
296,1,1,0,0,6875.0,0.0,200.0,360.0,1.0,1,8.83579236650274,0.0,5.303304908059076,0,0,0.5555555555555556,1,0,0,1,0
297,0,1,0,0,4666.0,0.0,135.0,360.0,1.0,1,8.448271745949816,0.0,4.912654885736052,0,0,0.375,1,0,0,0,1
298,0,0,0,0,5000.0,2541.0,151.0,480.0,1.0,0,8.517393171418904,7.8407064517494,5.0238805208462765,0,0,0.3145833333333333,0,0,0,0,0
299,1,1,0,0,2014.0,2925.0,113.0,360.0,1.0,0,7.608374474380783,7.98139158158007,4.736198448394496,0,0,0.3138888888888889,1,0,0,0,1
300,1,1,1,0,1800.0,2934.0,93.0,360.0,1.0,0,7.496097345175956,7.984462732262196,4.543294782270004,0,0,0.25833333333333336,0,0,0,0,1
301,1,1,1,0,2875.0,1750.0,105.0,360.0,1.0,1,7.964155718840937,7.467942332285852,4.663439094112067,0,0,0.2916666666666667,0,0,0,1,0
302,0,0,0,0,5000.0,0.0,132.0,360.0,1.0,1,8.517393171418904,0.0,4.890349128221754,0,0,0.36666666666666664,0,0,0,0,0
303,1,1,0,0,1625.0,1803.0,96.0,360.0,1.0,1,7.3938782901077555,7.4977617006225685,4.574710978503383,0,0,0.26666666666666666,1,0,0,0,1
304,1,0,0,0,4000.0,2500.0,140.0,360.0,1.0,1,8.294299608857235,7.824445930877619,4.948759890378168,0,0,0.3888888888888889,0,0,0,0,0
305,1,0,1,0,2000.0,0.0,146.41216216216216,360.0,1.0,0,7.601402334583733,0.0,4.9932324876279095,0,0,0.40670045045045045,0,0,0,0,1
306,0,0,0,0,3762.0,1666.0,135.0,360.0,1.0,1,8.232971790593437,7.418780882750794,4.912654885736052,0,0,0.375,0,0,0,0,0
307,0,0,0,0,2400.0,1863.0,104.0,360.0,1.0,0,7.783640596221253,7.530479995245536,4.653960350157523,0,0,0.28888888888888886,0,0,0,0,1
308,1,0,0,0,20233.0,0.0,164.75,360.0,1.0,0,9.915119636765835,0.0,6.175867270105761,0,0,1.3333333333333333,0,0,0,0,0
309,1,1,1,0,7667.0,0.0,185.0,360.0,1.0,1,8.944811104165534,0.0,5.225746673713202,0,0,0.5138888888888888,0,1,0,0,0
310,0,0,0,0,2917.0,0.0,84.0,360.0,1.0,1,7.978653729082731,0.0,4.442651256490317,0,0,0.23333333333333334,0,0,0,1,0
311,1,0,1,0,2927.0,2405.0,111.0,360.0,1.0,1,7.982074875081202,7.785720896534624,4.718498871295094,0,0,0.30833333333333335,0,0,0,1,0
312,0,0,0,0,2507.0,0.0,56.0,360.0,1.0,1,7.827240901752812,0.0,4.04305126783455,0,0,0.15555555555555556,0,0,0,0,0
313,1,1,0,1,5746.0,0.0,144.0,84.0,1.0,1,8.656433258507741,0.0,4.976733742420574,0,0,1.7142857142857142,0,1,0,0,0
314,1,1,0,0,2473.0,1843.0,159.0,360.0,1.0,0,7.813591552952433,7.519692404116539,5.075173815233827,0,0,0.44166666666666665,0,0,0,0,0
315,1,1,1,0,3399.0,1640.0,111.0,180.0,1.0,1,8.131530710604252,7.403061091090091,4.718498871295094,0,0,0.6166666666666667,1,0,0,0,1
316,1,1,0,0,3717.0,0.0,120.0,360.0,1.0,1,8.220941168281389,0.0,4.795790545596741,0,0,0.3333333333333333,0,1,0,1,0
317,1,1,0,0,2058.0,2134.0,88.0,360.0,1.0,1,7.629975707027789,7.666221925662725,4.48863636973214,0,0,0.24444444444444444,0,0,0,0,1
318,0,0,0,0,3541.0,0.0,112.0,360.0,1.0,1,8.17244681834278,0.0,4.727387818712341,0,0,0.3111111111111111,1,0,0,1,0
319,1,1,0,1,10000.0,0.0,155.0,360.0,1.0,0,9.210440366976517,0.0,5.049856007249537,0,0,0.4305555555555556,1,0,0,0,0
320,1,1,0,0,2400.0,2167.0,115.0,360.0,1.0,1,7.783640596221253,7.681560362559537,4.7535901911063645,0,0,0.3194444444444444,0,0,0,1,0
321,1,1,0,0,4342.0,189.0,124.0,360.0,1.0,1,8.376320632534823,5.247024072160486,4.8283137373023015,0,0,0.34444444444444444,0,0,1,1,0
322,1,1,1,0,3601.0,1590.0,146.41216216216216,360.0,1.0,1,8.189244525735901,7.372118028337787,4.9932324876279095,0,0,0.40670045045045045,0,1,0,0,0
323,0,0,0,0,3166.0,2985.0,132.0,360.0,1.0,1,8.06054004653864,8.001689978099135,4.890349128221754,0,0,0.36666666666666664,0,0,0,0,0
324,1,1,0,0,15000.0,0.0,164.75,360.0,1.0,1,9.61587214452889,0.0,5.707110264748875,0,0,0.8333333333333334,0,0,1,0,0
325,1,1,0,1,8666.0,4983.0,164.75,360.0,1.0,0,9.067277989134345,8.51398806046729,5.932245187448011,0,0,1.0444444444444445,1,0,0,0,0
326,1,0,0,0,4917.0,0.0,130.0,360.0,1.0,1,8.500657222776137,0.0,4.875197323201151,0,0,0.3611111111111111,0,0,0,0,0
327,1,1,0,1,5818.0,2160.0,184.0,360.0,1.0,1,8.66888370465667,7.6783263565068856,5.220355825078325,0,0,0.5111111111111111,0,0,0,1,0
328,0,1,0,0,4333.0,2451.0,110.0,360.0,1.0,0,8.374246182096304,7.804659297056102,4.709530201312334,0,0,0.3055555555555556,0,0,0,0,1
329,0,0,0,0,2500.0,0.0,67.0,360.0,1.0,1,7.824445930877619,0.0,4.219507705176107,0,0,0.18611111111111112,0,0,0,0,1
330,1,0,0,0,4384.0,1793.0,117.0,360.0,1.0,1,8.385944904806284,7.492203042618741,4.770684624465665,0,0,0.325,1,0,0,0,1
331,1,0,0,0,2935.0,0.0,98.0,360.0,1.0,1,7.984803389734406,0.0,4.59511985013459,0,0,0.2722222222222222,0,0,0,1,0
332,1,0,0,0,2833.0,0.0,71.0,360.0,1.0,1,7.949444420250626,0.0,4.276666119016055,0,0,0.19722222222222222,0,0,0,0,1
333,1,1,0,0,63337.0,0.0,164.75,180.0,1.0,1,11.056240743970491,0.0,6.19644412779452,0,0,2.7222222222222223,0,0,0,0,1
334,1,1,0,1,9833.0,1833.0,182.0,180.0,1.0,1,9.193601047971885,7.51425465281641,5.209486152841421,0,0,1.011111111111111,1,0,0,0,1
335,1,1,0,1,5503.0,4490.0,70.0,342.0,1.0,1,8.61323037961318,8.409830673087738,4.2626798770413155,0,0,0.2046783625730994,0,0,0,1,0
336,1,1,0,0,5250.0,688.0,160.0,360.0,1.0,1,8.566173813637858,6.535241271013659,5.081404364984463,0,0,0.4444444444444444,1,0,0,0,0
337,1,1,0,1,2500.0,4600.0,176.0,360.0,1.0,1,7.824445930877619,8.434028950155469,5.176149732573829,0,0,0.4888888888888889,0,1,0,0,0
338,0,0,1,0,1830.0,0.0,146.41216216216216,360.0,1.0,0,7.5126175446745105,0.0,4.9932324876279095,0,0,0.40670045045045045,0,0,1,0,1
339,0,0,0,0,4160.0,0.0,71.0,360.0,1.0,1,8.333510708982942,0.0,4.276666119016055,0,0,0.19722222222222222,0,0,0,1,0
340,1,1,1,0,2647.0,1587.0,173.0,360.0,1.0,0,7.881559917056899,7.370230641807081,5.159055299214529,0,0,0.48055555555555557,0,0,1,0,0
341,0,0,0,0,2378.0,0.0,46.0,360.0,1.0,0,7.774435510302958,0.0,3.8501476017100584,0,0,0.12777777777777777,0,0,0,0,0
342,1,1,1,0,4554.0,1229.0,158.0,360.0,1.0,1,8.423980809694058,7.114769448366463,5.0689042022202315,0,0,0.4388888888888889,1,0,0,0,1
343,1,1,1,0,3173.0,0.0,74.0,360.0,1.0,1,8.062747901086354,0.0,4.31748811353631,0,0,0.20555555555555555,0,0,1,1,0
344,1,1,0,0,2583.0,2330.0,125.0,360.0,1.0,1,7.857093864902493,7.754052639035757,4.836281906951478,0,0,0.3472222222222222,0,1,0,0,0
345,1,1,0,0,2499.0,2458.0,160.0,360.0,1.0,1,7.824046010856292,7.807510042216193,5.081404364984463,0,0,0.4444444444444444,0,0,0,1,0
346,1,1,1,0,3523.0,3230.0,152.0,360.0,1.0,0,8.16735198705607,8.080546965824498,5.030437921392435,0,0,0.4222222222222222,0,0,0,0,0
347,1,1,1,0,3083.0,2168.0,126.0,360.0,1.0,1,8.03398273468322,7.682021510826875,4.844187086458591,0,0,0.35,0,1,0,0,1
348,1,1,0,0,6333.0,4583.0,259.0,360.0,1.0,1,8.753687227098585,8.430327258394575,5.560681631015528,0,0,0.7194444444444444,0,0,0,1,0
349,1,1,0,0,2625.0,2297.25,187.0,360.0,1.0,1,7.873217054862741,8.740496729931813,5.236441962829949,0,0,0.5194444444444445,0,0,0,0,0
350,1,1,0,0,9083.0,0.0,228.0,360.0,1.0,1,9.114269903225448,0.0,5.43372200355424,0,0,0.6333333333333333,0,0,0,1,0
351,1,0,0,0,8750.0,4167.0,164.75,360.0,1.0,0,9.076923258535832,8.335191583433202,5.733341276897746,0,0,0.8555555555555555,0,0,0,0,0
352,1,1,0,0,2666.0,2083.0,95.0,360.0,1.0,1,7.888709524182015,7.642044402873258,4.564348191467836,0,0,0.2638888888888889,0,0,1,0,0
353,0,1,0,1,5500.0,0.0,105.0,360.0,1.0,0,8.612685172875459,0.0,4.663439094112067,0,0,0.2916666666666667,0,0,0,0,0
354,0,1,0,0,2423.0,505.0,130.0,360.0,1.0,1,7.793174347189205,6.226536669287466,4.875197323201151,0,0,0.3611111111111111,0,0,0,1,0
355,0,0,0,0,3813.0,0.0,116.0,180.0,1.0,1,8.246433786160365,0.0,4.762173934797756,0,0,0.6444444444444445,0,0,0,0,1
356,1,1,0,0,8333.0,3167.0,165.0,360.0,1.0,1,9.0280988119824,8.060855752934316,5.111987788356544,0,0,0.4583333333333333,0,1,0,0,0
357,1,1,0,0,3875.0,0.0,67.0,360.0,1.0,0,8.262558973010657,0.0,4.219507705176107,0,0,0.18611111111111112,1,0,0,0,1
358,1,1,1,0,3000.0,1666.0,100.0,480.0,1.0,0,8.006700845440367,7.418780882750794,4.61512051684126,0,0,0.20833333333333334,0,0,0,0,1
359,1,1,0,0,5167.0,3167.0,200.0,360.0,1.0,1,8.550241045462437,8.060855752934316,5.303304908059076,0,0,0.5555555555555556,0,0,1,1,0
360,0,0,0,0,4723.0,0.0,81.0,360.0,1.0,0,8.460411177317253,0.0,4.406719247264253,0,0,0.225,1,0,0,1,0
361,1,1,0,0,5000.0,3667.0,236.0,360.0,1.0,1,8.517393171418904,8.207401833376355,5.4680601411351315,0,0,0.6555555555555556,0,1,0,1,0
362,1,1,0,0,4750.0,2333.0,130.0,360.0,1.0,1,8.46611040118692,7.755338812846501,4.875197323201151,0,0,0.3611111111111111,0,0,0,0,1
363,1,1,0,0,3013.0,3033.0,95.0,300.0,1.0,1,8.01102337918644,8.017637159908478,4.564348191467836,0,0,0.31666666666666665,0,0,0,0,1
364,1,0,0,1,6822.0,0.0,141.0,360.0,1.0,1,8.828054536815424,0.0,4.955827057601261,0,0,0.39166666666666666,0,0,0,0,0
365,1,0,1,0,6216.0,0.0,133.0,360.0,1.0,0,8.735042754269337,0.0,4.897839799950911,0,0,0.36944444444444446,0,0,0,0,0
366,1,0,0,0,2500.0,0.0,96.0,480.0,1.0,0,7.824445930877619,0.0,4.574710978503383,0,0,0.2,0,0,0,1,0
367,1,0,0,0,5124.0,0.0,124.0,342.0,1.0,0,8.54188580400661,0.0,4.8283137373023015,0,0,0.36257309941520466,0,0,0,0,0
368,1,1,0,0,6325.0,0.0,175.0,360.0,1.0,1,8.752423403865594,0.0,5.170483995038151,0,0,0.4861111111111111,1,0,0,1,0
369,1,1,0,0,19730.0,5266.0,164.75,360.0,1.0,0,9.889946281969461,8.569216219483389,6.3473892096560105,0,0,1.5833333333333333,0,0,0,0,0
370,0,0,0,1,15759.0,0.0,55.0,360.0,1.0,1,9.66523036341187,0.0,4.02535169073515,0,0,0.1527777777777778,0,0,0,1,0
371,1,1,0,0,5185.0,0.0,155.0,360.0,1.0,1,8.55371796609861,0.0,5.049856007249537,0,0,0.4305555555555556,0,1,0,1,0
372,1,1,0,1,9323.0,2297.25,164.75,300.0,1.0,1,9.140347000155648,8.971321471503682,5.942799375126701,0,0,1.2666666666666666,0,1,0,0,0
373,1,0,0,0,3062.0,1987.0,111.0,180.0,1.0,0,8.027150106832774,7.59488438721652,4.718498871295094,0,0,0.6166666666666667,1,0,0,0,1
374,0,0,0,0,2764.0,1459.0,110.0,360.0,1.0,1,7.9247959139564355,7.286191714702382,4.709530201312334,0,0,0.3055555555555556,0,0,0,0,1
375,1,1,0,0,4817.0,923.0,120.0,180.0,1.0,1,8.480114183174816,6.828712071641684,4.795790545596741,0,0,0.6666666666666666,0,0,0,0,1
376,1,1,0,0,8750.0,4996.0,130.0,360.0,1.0,1,9.076923258535832,8.516593011344206,4.875197323201151,0,0,0.3611111111111111,0,0,1,0,0
377,1,1,0,0,4310.0,0.0,130.0,360.0,1.0,1,8.368925174747135,0.0,4.875197323201151,0,0,0.3611111111111111,0,0,0,1,0
378,1,0,0,0,3069.0,0.0,71.0,480.0,1.0,0,8.029432840581244,0.0,4.276666119016055,0,0,0.14791666666666667,0,0,0,0,1
379,1,1,0,0,5391.0,0.0,130.0,360.0,1.0,1,8.592671652592143,0.0,4.875197323201151,0,0,0.3611111111111111,0,1,0,0,1
380,1,1,0,0,3333.0,2500.0,128.0,360.0,1.0,1,8.111928063310739,7.824445930877619,4.859812404361672,0,0,0.35555555555555557,0,0,0,1,0
381,1,0,0,0,5941.0,4232.0,164.75,360.0,1.0,1,8.689801056022553,8.350666240520924,5.6937321388027,0,0,0.8222222222222222,0,0,0,1,0
382,0,0,0,0,6000.0,0.0,156.0,360.0,1.0,1,8.699681400989514,0.0,5.056245805348308,0,0,0.43333333333333335,0,0,0,0,1
383,1,0,0,1,7167.0,0.0,128.0,360.0,1.0,1,8.877381954654766,0.0,4.859812404361672,0,0,0.35555555555555557,0,0,0,0,1
384,1,1,0,0,4566.0,0.0,100.0,360.0,1.0,0,8.426611813185,0.0,4.61512051684126,0,0,0.2777777777777778,0,1,0,0,1
385,1,0,0,0,3667.0,0.0,113.0,180.0,1.0,1,8.207401833376355,0.0,4.736198448394496,0,0,0.6277777777777778,1,0,0,0,1
386,1,0,1,0,2346.0,1600.0,132.0,360.0,1.0,1,7.760893195851024,7.3783837129967145,4.890349128221754,0,0,0.36666666666666664,0,0,0,1,0
387,1,1,1,0,3010.0,3136.0,146.41216216216216,360.0,1.0,0,8.010027528481734,8.051022208190679,4.9932324876279095,0,0,0.40670045045045045,0,0,0,0,1
388,1,1,0,0,2333.0,2417.0,136.0,360.0,1.0,1,7.755338812846501,7.790696031174738,4.919980925828125,0,0,0.37777777777777777,0,0,0,0,1
389,1,1,0,0,5488.0,0.0,125.0,360.0,1.0,1,8.610501368549889,0.0,4.836281906951478,0,0,0.3472222222222222,0,0,0,0,0
390,1,0,0,0,9167.0,0.0,185.0,360.0,1.0,1,9.12347443895452,0.0,5.225746673713202,0,0,0.5138888888888888,0,0,1,0,0
391,1,1,0,0,9504.0,0.0,164.75,360.0,1.0,1,9.15957325492253,0.0,5.62040086571715,0,0,0.7638888888888888,0,0,1,0,0
392,1,1,0,0,2583.0,2115.0,120.0,360.0,1.0,1,7.857093864902493,7.65728279297819,4.795790545596741,0,0,0.3333333333333333,0,0,0,0,1
393,1,1,1,0,1993.0,1625.0,113.0,180.0,1.0,1,7.597897950521784,7.3938782901077555,4.736198448394496,0,0,0.6277777777777778,0,1,0,1,0
394,1,1,0,0,3100.0,1400.0,113.0,360.0,1.0,1,8.03947991910045,7.244941546337007,4.736198448394496,0,0,0.3138888888888889,0,1,0,0,1
395,1,1,0,0,3276.0,484.0,135.0,360.0,1.0,1,8.094683648698815,6.184148890937483,4.912654885736052,0,0,0.375,0,1,0,1,0
396,0,0,0,0,3180.0,0.0,71.0,360.0,1.0,0,8.064950891749143,0.0,4.276666119016055,0,0,0.19722222222222222,0,0,0,0,1
397,1,1,0,0,3033.0,1459.0,95.0,360.0,1.0,1,8.017637159908478,7.286191714702382,4.564348191467836,0,0,0.2638888888888889,0,0,0,0,1
398,1,0,1,0,3902.0,1666.0,109.0,360.0,1.0,1,8.269500767180615,7.418780882750794,4.700480365792417,0,0,0.30277777777777776,0,0,0,0,0
399,0,0,0,0,1500.0,1800.0,103.0,360.0,1.0,0,7.313886831633462,7.496097345175956,4.6443908991413725,0,0,0.2861111111111111,0,0,0,1,0
400,1,1,1,0,2889.0,0.0,45.0,180.0,1.0,0,7.969011781106478,0.0,3.828641396489095,0,0,0.25,0,1,0,0,1
401,1,0,1,0,2755.0,0.0,65.0,300.0,1.0,0,7.9215356321335495,0.0,4.189654742026425,0,0,0.21666666666666667,0,0,0,0,0
402,1,0,0,0,2500.0,2297.25,103.0,360.0,1.0,1,7.824445930877619,9.90353755128617,4.6443908991413725,0,0,0.2861111111111111,0,0,0,1,0
403,0,0,1,0,1963.0,0.0,53.0,360.0,1.0,1,7.582738488914411,0.0,3.9889840465642745,0,0,0.14722222222222223,0,0,0,1,0
404,0,0,0,1,7441.0,0.0,194.0,360.0,1.0,0,8.914894908906568,0.0,5.272999558563747,0,0,0.5388888888888889,0,0,0,0,0
405,0,0,0,0,4547.0,0.0,115.0,360.0,1.0,1,8.422442854870427,0.0,4.7535901911063645,0,0,0.3194444444444444,0,0,0,1,0
406,1,1,1,0,2167.0,2400.0,115.0,360.0,1.0,1,7.681560362559537,7.783640596221253,4.7535901911063645,0,0,0.3194444444444444,0,0,0,0,1
407,0,0,1,0,2213.0,0.0,66.0,360.0,1.0,1,7.7025561132685825,0.0,4.204692619390966,0,0,0.18333333333333332,0,0,0,0,0
408,1,1,0,0,8300.0,0.0,152.0,300.0,1.0,0,9.024131268455035,0.0,5.030437921392435,0,0,0.5066666666666667,1,0,0,1,0
409,1,1,0,0,81000.0,0.0,164.75,360.0,1.0,0,11.302216779257382,0.0,5.8888779583328805,0,0,1.0,0,0,1,0,0
410,0,0,1,1,3867.0,0.0,62.0,360.0,1.0,0,8.260492856573185,0.0,4.143134726391533,0,0,0.17222222222222222,1,0,0,1,0
411,1,1,0,0,6256.0,0.0,160.0,360.0,1.0,1,8.741456115998364,0.0,5.081404364984463,0,0,0.4444444444444444,0,0,0,0,1
412,1,1,1,0,6096.0,0.0,218.0,360.0,1.0,0,8.715552125907816,0.0,5.389071729816501,0,0,0.6055555555555555,0,0,0,0,0
413,1,1,1,0,2253.0,2033.0,110.0,360.0,1.0,1,7.720461694599722,7.617759576608505,4.709530201312334,0,0,0.3055555555555556,0,0,0,0,0
414,0,1,1,0,2149.0,3237.0,178.0,360.0,1.0,0,7.673223121121708,8.08271113423758,5.187385805840755,0,0,0.49444444444444446,0,0,0,1,0
415,0,0,0,0,2995.0,0.0,60.0,360.0,1.0,1,8.005033344637111,0.0,4.110873864173311,0,0,0.16666666666666666,0,0,0,0,1
416,0,0,0,0,2600.0,0.0,160.0,360.0,1.0,0,7.8636512654486515,0.0,5.081404364984463,0,0,0.4444444444444444,1,0,0,0,1
417,1,1,0,1,1600.0,2297.25,239.0,360.0,1.0,0,7.3783837129967145,9.90353755128617,5.480638923341991,0,0,0.6638888888888889,0,1,0,0,1
418,1,1,0,0,1025.0,2773.0,112.0,360.0,1.0,1,6.933423025730715,7.928045600874777,4.727387818712341,0,0,0.3111111111111111,0,0,0,0,0
419,1,1,0,0,3246.0,1417.0,138.0,360.0,1.0,1,8.085486772102845,7.257002707092073,4.9344739331306915,0,0,0.38333333333333336,0,0,0,1,0
420,1,1,0,0,5829.0,0.0,138.0,360.0,1.0,1,8.670772279344538,0.0,4.9344739331306915,0,0,0.38333333333333336,0,0,0,0,0
421,0,0,1,0,2720.0,0.0,80.0,342.0,1.0,0,7.908754738783246,0.0,4.394449154672439,0,0,0.23391812865497075,0,0,0,0,1
422,1,1,0,0,1820.0,1719.0,100.0,360.0,1.0,1,7.507141079727608,7.450079569807499,4.61512051684126,0,0,0.2777777777777778,0,0,0,0,1
423,1,1,0,0,7250.0,1667.0,110.0,342.0,1.0,0,8.888894669371593,7.419380582918692,4.709530201312334,0,0,0.3216374269005848,1,0,0,0,1
424,1,1,0,0,14880.0,0.0,96.0,360.0,1.0,1,9.60784051043005,0.0,4.574710978503383,0,0,0.26666666666666666,0,0,0,1,0
425,1,1,0,0,2666.0,4300.0,121.0,360.0,1.0,1,7.888709524182015,8.366602832783736,4.804021044733257,0,0,0.33611111111111114,0,0,0,0,0
426,0,0,1,0,4606.0,0.0,81.0,360.0,1.0,0,8.435332164935916,0.0,4.406719247264253,0,0,0.225,1,0,0,0,0
427,1,1,0,0,5935.0,0.0,133.0,360.0,1.0,1,8.688790784847216,0.0,4.897839799950911,0,0,0.36944444444444446,0,1,0,1,0
428,1,1,0,0,2920.0,16.12,87.0,360.0,1.0,1,7.979681302387741,2.840247370713596,4.477336814478207,0,0,0.24166666666666667,0,0,0,0,0
429,1,0,1,0,2717.0,0.0,60.0,180.0,1.0,1,7.907651594711089,0.0,4.110873864173311,0,0,0.3333333333333333,0,0,0,0,1
430,0,0,0,1,8624.0,0.0,150.0,360.0,1.0,1,9.062420241899561,0.0,5.017279836814924,0,0,0.4166666666666667,1,0,0,1,0
431,1,0,0,0,6500.0,0.0,105.0,360.0,1.0,0,8.77971129020447,0.0,4.663439094112067,0,0,0.2916666666666667,0,0,0,0,0
432,1,0,0,0,12876.0,0.0,164.75,360.0,1.0,1,9.463198053273784,0.0,6.0063531596017325,0,0,1.125,0,0,0,1,0
433,1,1,0,0,2425.0,2340.0,143.0,360.0,1.0,1,7.793999089503996,7.75833346749091,4.969813299576001,0,0,0.3972222222222222,0,0,0,1,0
434,1,0,0,0,3750.0,0.0,100.0,360.0,1.0,1,8.229777750081887,0.0,4.61512051684126,0,0,0.2777777777777778,0,0,0,0,1
435,0,1,0,0,10047.0,0.0,146.41216216216216,240.0,1.0,1,9.21512888870798,0.0,4.9932324876279095,0,0,0.6100506756756757,0,0,0,1,0
436,1,0,0,0,1926.0,1851.0,50.0,360.0,1.0,1,7.563719668414366,7.524021415206125,3.9318256327243257,0,0,0.1388888888888889,0,0,0,1,0
437,1,1,0,0,2213.0,1125.0,146.41216216216216,360.0,1.0,1,7.7025561132685825,7.026426808699636,4.9932324876279095,0,0,0.40670045045045045,0,0,0,0,1
438,1,0,0,1,10416.0,0.0,187.0,360.0,1.0,0,9.251194365984448,0.0,5.236441962829949,0,0,0.5194444444444445,0,0,0,0,1
439,0,1,1,1,7142.0,0.0,138.0,360.0,1.0,1,8.873888135154973,0.0,4.9344739331306915,0,0,0.38333333333333336,0,0,0,0,0
440,1,0,0,0,3660.0,5064.0,187.0,360.0,1.0,1,8.205491613120236,8.530109416682784,5.236441962829949,0,0,0.5194444444444445,0,0,0,1,0
441,1,1,0,0,7901.0,1833.0,180.0,360.0,1.0,1,8.974871170971337,7.51425465281641,5.198497031265826,0,0,0.5,0,0,0,0,0
442,1,0,1,0,4707.0,1993.0,148.0,360.0,1.0,1,8.457018468380168,7.597897950521784,5.003946305945459,0,0,0.4111111111111111,0,0,1,1,0
443,1,0,0,0,37719.0,0.0,152.0,360.0,1.0,1,10.537945736747394,0.0,5.030437921392435,0,0,0.4222222222222222,1,0,0,1,0
444,1,1,0,0,7333.0,2297.25,175.0,300.0,1.0,1,8.900276348631271,9.0280988119824,5.170483995038151,0,0,0.5833333333333334,0,0,0,0,0
445,1,1,0,1,3466.0,1210.0,130.0,360.0,1.0,1,8.151044945685024,7.099201743553092,4.875197323201151,0,0,0.3611111111111111,1,0,0,0,0
446,1,1,1,0,4652.0,0.0,110.0,360.0,1.0,1,8.445267451844648,0.0,4.709530201312334,0,0,0.3055555555555556,0,1,0,0,0
447,1,1,0,0,3539.0,1376.0,55.0,360.0,1.0,0,8.17188200612782,7.227662498728655,4.02535169073515,0,0,0.1527777777777778,0,0,0,0,0
448,1,1,0,0,3340.0,1710.0,150.0,360.0,1.0,0,8.114025442356757,7.444833273892193,5.017279836814924,0,0,0.4166666666666667,0,1,0,0,0
449,1,0,1,1,2769.0,1542.0,190.0,360.0,1.0,0,7.926602599181384,7.341483852363161,5.25227342804663,0,0,0.5277777777777778,1,0,0,1,0
450,1,1,1,0,2309.0,1255.0,125.0,360.0,1.0,0,7.745002803515839,7.135687347028144,4.836281906951478,0,0,0.3472222222222222,0,1,0,0,0
451,1,1,1,0,1958.0,1456.0,60.0,300.0,1.0,1,7.580189417944541,7.284134806195205,4.110873864173311,0,0,0.2,0,1,0,0,1
452,1,1,0,0,3948.0,1733.0,149.0,360.0,1.0,0,8.28121766128665,7.458186157340487,5.0106352940962555,0,0,0.41388888888888886,0,0,0,0,0
453,1,1,0,0,2483.0,2466.0,90.0,180.0,1.0,1,7.81762544305337,7.810758116529357,4.51085950651685,0,0,0.5,0,0,0,0,0
454,1,0,0,1,7085.0,0.0,84.0,360.0,1.0,1,8.865876285425417,0.0,4.442651256490317,0,0,0.23333333333333334,0,0,0,1,0
455,1,1,0,0,3859.0,0.0,96.0,360.0,1.0,1,8.258422462458876,0.0,4.574710978503383,0,0,0.26666666666666666,0,1,0,1,0
456,1,1,0,0,4301.0,0.0,118.0,360.0,1.0,1,8.366835309827675,0.0,4.77912349311153,0,0,0.3277777777777778,0,0,0,0,1
457,1,1,0,0,3708.0,2569.0,173.0,360.0,1.0,0,8.21851757748959,7.851661177889265,5.159055299214529,0,0,0.48055555555555557,0,0,0,0,1
458,1,0,0,0,4354.0,0.0,136.0,360.0,1.0,1,8.379079889286603,0.0,4.919980925828125,0,0,0.37777777777777777,0,1,0,0,0
459,1,1,0,0,8334.0,0.0,160.0,360.0,1.0,0,9.028218795184895,0.0,5.081404364984463,0,0,0.4444444444444444,0,0,0,1,0
460,1,1,0,1,2083.0,4083.0,160.0,360.0,1.0,1,7.642044402873258,8.314832179284556,5.081404364984463,0,0,0.4444444444444444,0,0,0,1,0
461,1,1,0,0,7740.0,0.0,128.0,180.0,1.0,1,8.954286157204713,0.0,4.859812404361672,0,0,0.7111111111111111,0,0,1,0,1
462,1,1,0,0,3015.0,2188.0,153.0,360.0,1.0,1,8.011686729127847,7.691200097522863,5.0369526024136295,0,0,0.425,0,0,0,0,0
463,0,0,1,0,5191.0,0.0,132.0,360.0,1.0,1,8.554874258383926,0.0,4.890349128221754,0,0,0.36666666666666664,1,0,0,1,0
464,1,0,0,0,4166.0,0.0,98.0,360.0,1.0,0,8.334951631422454,0.0,4.59511985013459,0,0,0.2722222222222222,0,0,0,1,0
465,1,0,0,0,6000.0,0.0,140.0,360.0,1.0,1,8.699681400989514,0.0,4.948759890378168,0,0,0.3888888888888889,0,0,0,0,0
466,1,1,1,0,2947.0,1664.0,70.0,180.0,1.0,0,7.988882253309227,7.417580402414544,4.2626798770413155,0,0,0.3888888888888889,0,0,1,0,1
467,1,1,0,0,16692.0,0.0,110.0,360.0,1.0,1,9.722744748855389,0.0,4.709530201312334,0,0,0.3055555555555556,0,0,0,1,0
468,0,1,1,0,210.0,2917.0,98.0,360.0,1.0,1,5.351858133476067,7.978653729082731,4.59511985013459,0,0,0.2722222222222222,0,1,0,1,0
469,1,1,0,0,4333.0,2451.0,110.0,360.0,1.0,0,8.374246182096304,7.804659297056102,4.709530201312334,0,0,0.3055555555555556,0,0,0,0,1
470,1,1,0,1,3450.0,2079.0,162.0,360.0,1.0,1,8.146419323098003,7.640123172695364,5.093750200806762,0,0,0.45,1,0,0,1,0
471,1,1,1,0,2653.0,1500.0,113.0,180.0,1.0,0,7.8838232148921525,7.313886831633462,4.736198448394496,0,0,0.6277777777777778,1,0,0,0,0
472,1,1,0,0,4691.0,0.0,100.0,360.0,1.0,1,8.453614209773367,0.0,4.61512051684126,0,0,0.2777777777777778,0,0,1,1,0
473,0,0,0,1,2500.0,0.0,93.0,360.0,1.0,1,7.824445930877619,0.0,4.543294782270004,0,0,0.25833333333333336,0,0,0,0,1
474,1,0,0,0,5532.0,4648.0,162.0,360.0,1.0,1,8.618485442898109,8.444407421690585,5.093750200806762,0,0,0.45,0,1,0,0,0
475,1,1,0,1,16525.0,1014.0,150.0,360.0,1.0,1,9.71269017726113,6.922643891475888,5.017279836814924,0,0,0.4166666666666667,0,1,0,0,0
476,1,1,0,0,6700.0,1750.0,230.0,300.0,1.0,1,8.81001204797317,7.467942332285852,5.442417710521793,0,0,0.7666666666666667,0,1,0,1,0
477,1,1,0,0,2873.0,1872.0,132.0,360.0,1.0,0,7.96346006663897,7.5352967024440884,4.890349128221754,0,0,0.36666666666666664,0,1,0,1,0
478,1,1,0,1,16667.0,2250.0,86.0,360.0,1.0,1,9.721245992542345,7.719129840906732,4.465908118654584,0,0,0.2388888888888889,1,0,0,1,0
479,1,1,0,0,2947.0,1603.0,146.41216216216216,360.0,1.0,0,7.988882253309227,7.38025578842646,4.9932324876279095,0,0,0.40670045045045045,0,1,0,0,1
480,0,0,1,0,4350.0,0.0,154.0,360.0,1.0,1,8.37816098272068,0.0,5.043425116919247,0,0,0.42777777777777776,0,0,0,0,0
481,1,1,1,0,3095.0,0.0,113.0,360.0,1.0,1,8.037866234709618,0.0,4.736198448394496,0,0,0.3138888888888889,0,0,1,0,0
482,1,1,0,0,2083.0,3150.0,128.0,360.0,1.0,1,7.642044402873258,8.055475141757274,4.859812404361672,0,0,0.35555555555555557,0,0,0,1,0
483,1,1,0,0,10833.0,0.0,234.0,360.0,1.0,1,9.290444616217844,0.0,5.459585514144159,0,0,0.65,0,0,0,1,0
484,1,1,0,0,8333.0,0.0,246.0,360.0,1.0,1,9.0280988119824,0.0,5.5093883366279774,0,0,0.6833333333333333,0,1,0,1,0
485,1,1,1,0,1958.0,2436.0,131.0,360.0,1.0,1,7.580189417944541,7.798523053625206,4.882801922586371,0,0,0.3638888888888889,1,0,0,0,0
486,1,0,0,0,3547.0,0.0,80.0,360.0,1.0,0,8.17413934342947,0.0,4.394449154672439,0,0,0.2222222222222222,0,1,0,0,0
487,1,1,0,0,18333.0,0.0,164.75,360.0,1.0,0,9.816512538521721,0.0,6.2166061010848646,0,0,1.3888888888888888,1,0,0,0,1
488,1,1,0,1,4583.0,2083.0,160.0,360.0,1.0,1,8.430327258394575,7.642044402873258,5.081404364984463,0,0,0.4444444444444444,0,1,0,1,0
489,1,0,0,0,2435.0,0.0,75.0,360.0,1.0,0,7.798112628829788,0.0,4.330733340286331,0,0,0.20833333333333334,0,0,0,0,1
490,1,0,1,0,2699.0,2785.0,96.0,360.0,1.0,1,7.90100705199242,7.932362154339751,4.574710978503383,0,0,0.26666666666666666,0,0,0,1,0
491,1,1,1,0,5333.0,1131.0,186.0,360.0,1.0,1,8.58185670474196,7.0317412587631285,5.231108616854587,0,0,0.5166666666666667,1,0,0,0,1
492,1,0,1,0,3691.0,0.0,110.0,360.0,1.0,1,8.213923595622743,0.0,4.709530201312334,0,0,0.3055555555555556,0,0,0,0,0
493,0,0,1,1,17263.0,0.0,225.0,360.0,1.0,1,9.756378687497916,0.0,5.420534999272286,0,0,0.625,0,0,0,1,0
494,1,1,0,0,3597.0,2157.0,119.0,360.0,1.0,0,8.188133414510478,7.67693714581808,4.787491742782046,0,0,0.33055555555555555,0,0,0,0,0
495,0,1,0,0,3326.0,913.0,105.0,84.0,1.0,1,8.109826276018477,6.81783057145415,4.663439094112067,0,0,1.25,1,0,0,1,0
496,1,1,1,0,2600.0,1700.0,107.0,360.0,1.0,1,7.8636512654486515,7.438971592395862,4.68213122712422,0,0,0.2972222222222222,0,0,0,0,0
497,1,1,0,0,4625.0,2857.0,111.0,12.0,1.0,1,8.439447842791385,7.957877358489813,4.718498871295094,0,0,9.25,0,0,0,0,1
498,1,1,0,1,2895.0,0.0,95.0,360.0,1.0,1,7.971085753505607,0.0,4.564348191467836,0,0,0.2638888888888889,1,0,0,1,0
499,1,0,0,0,6283.0,4416.0,209.0,360.0,1.0,0,8.745761999375512,8.393216011596527,5.3471075307174685,0,0,0.5805555555555556,0,0,0,0,0
500,0,0,0,0,645.0,3683.0,113.0,480.0,1.0,1,6.470799503782602,8.211754397375197,4.736198448394496,0,0,0.23541666666666666,0,0,0,0,0
501,0,0,0,0,3159.0,0.0,100.0,360.0,1.0,1,8.058327306580958,0.0,4.61512051684126,0,0,0.2777777777777778,0,0,0,1,0
502,1,1,0,0,4865.0,5624.0,208.0,360.0,1.0,1,8.490027523343468,8.63497622707262,5.342334251964811,0,0,0.5777777777777777,0,1,0,1,0
503,1,1,1,0,4050.0,5302.0,138.0,360.0,1.0,0,8.30671904320269,8.57602797713713,4.9344739331306915,0,0,0.38333333333333336,1,0,0,0,0
504,1,1,1,0,3814.0,1483.0,124.0,300.0,1.0,1,8.246695943718557,7.302496423727326,4.8283137373023015,0,0,0.41333333333333333,0,0,0,1,0
505,1,1,0,0,3510.0,4416.0,243.0,360.0,1.0,1,8.163656176168432,8.393216011596527,5.497168225293202,0,0,0.675,0,1,0,0,0
506,1,1,0,0,20833.0,2297.25,164.75,360.0,1.0,1,9.944341546544393,8.805075243870684,6.175867270105761,0,0,1.3333333333333333,0,0,0,0,1
507,1,0,0,0,3583.0,0.0,96.0,360.0,1.0,0,8.18423477409482,0.0,4.574710978503383,0,0,0.26666666666666666,0,0,0,0,1
508,1,1,0,1,2479.0,3013.0,188.0,360.0,1.0,1,7.8160138391590275,8.01102337918644,5.241747015059643,0,0,0.5222222222222223,0,0,0,0,1
509,0,0,0,0,13262.0,0.0,40.0,360.0,1.0,1,9.492733482494353,0.0,3.713572066704308,0,0,0.1111111111111111,1,0,0,0,1
510,1,0,1,0,3598.0,1287.0,100.0,360.0,1.0,0,8.188411308079031,7.160845906664299,4.61512051684126,0,0,0.2777777777777778,0,0,0,0,0
511,1,1,0,0,6065.0,2004.0,250.0,360.0,1.0,1,8.710454688248527,7.60339933974067,5.5254529391317835,0,0,0.6944444444444444,1,0,0,1,0
512,1,1,0,0,3283.0,2035.0,148.0,360.0,1.0,1,8.096817470572319,7.618742377670413,5.003946305945459,0,0,0.4111111111111111,0,1,0,0,1
513,1,1,0,0,2130.0,2297.25,70.0,180.0,1.0,0,7.664346632098617,8.80492526261806,4.2626798770413155,0,0,0.3888888888888889,0,0,0,1,0
514,1,0,0,0,5815.0,3666.0,164.75,360.0,1.0,0,8.668368019213355,8.207129168071326,5.7430031878094825,0,0,0.8638888888888889,0,0,0,0,0
515,1,1,0,0,3466.0,3428.0,150.0,360.0,1.0,1,8.151044945685024,8.14002395246292,5.017279836814924,0,0,0.4166666666666667,0,0,1,0,0
516,0,1,0,0,2031.0,1632.0,113.0,480.0,1.0,1,7.616775808698373,7.398174092970465,4.736198448394496,0,0,0.23541666666666666,0,1,0,1,0
517,1,1,1,0,3074.0,1800.0,123.0,360.0,1.0,0,8.031060180240619,7.496097345175956,4.820281565605037,0,0,0.3416666666666667,0,0,0,1,0
518,1,0,0,0,4683.0,1915.0,185.0,360.0,1.0,0,8.451907724717607,7.557994958530806,5.225746673713202,0,0,0.5138888888888888,0,0,0,1,0
519,0,0,1,0,3400.0,0.0,95.0,360.0,1.0,0,8.131824785007195,0.0,4.564348191467836,0,0,0.2638888888888889,0,0,0,0,0
520,1,1,1,0,2192.0,1742.0,45.0,360.0,1.0,1,7.693025748417888,7.463363045520021,3.828641396489095,0,0,0.125,0,1,0,1,0
521,1,0,0,0,2500.0,0.0,55.0,360.0,1.0,1,7.824445930877619,0.0,4.02535169073515,0,0,0.1527777777777778,0,0,0,1,0
522,1,1,0,1,5677.0,1424.0,100.0,360.0,1.0,1,8.644354337032917,7.261927092702751,4.61512051684126,0,0,0.2777777777777778,0,0,1,0,0
523,1,1,0,1,7948.0,2297.25,164.75,360.0,1.0,1,8.980801413573113,8.877242435993919,6.175867270105761,0,0,1.3333333333333333,0,1,0,0,0
524,1,0,0,0,4680.0,2087.0,146.41216216216216,360.0,1.0,0,8.45126704130007,7.643961949002529,4.9932324876279095,0,0,0.40670045045045045,0,0,0,1,0
525,1,1,0,1,17500.0,0.0,164.75,360.0,1.0,1,9.770013301136158,0.0,5.993961427306569,0,0,1.1111111111111112,0,1,0,0,0
526,1,1,0,0,3775.0,0.0,110.0,360.0,1.0,1,8.236420527265391,0.0,4.709530201312334,0,0,0.3055555555555556,0,0,0,1,0
527,1,1,1,0,5285.0,1430.0,161.0,360.0,1.0,1,8.572817095164234,7.266128779556451,5.087596335232384,0,0,0.44722222222222224,1,0,0,1,0
528,1,0,1,0,2679.0,1302.0,94.0,360.0,1.0,1,7.893572073504902,7.172424577124845,4.553876891600541,0,0,0.2611111111111111,1,0,0,1,0
529,1,0,1,0,6783.0,0.0,130.0,360.0,1.0,1,8.822322177471738,0.0,4.875197323201151,0,0,0.3611111111111111,0,0,0,1,0
530,1,1,0,0,1025.0,5500.0,216.0,360.0,1.0,1,6.933423025730715,8.612685172875459,5.37989735354046,0,0,0.6,0,0,0,0,0
531,1,1,0,0,4281.0,0.0,100.0,360.0,1.0,1,8.362175469149628,0.0,4.61512051684126,0,0,0.2777777777777778,0,0,1,0,1
532,1,0,0,0,3588.0,0.0,110.0,360.0,1.0,0,8.185628891147607,0.0,4.709530201312334,0,0,0.3055555555555556,0,1,0,0,0
533,1,0,0,0,11250.0,0.0,196.0,360.0,1.0,0,9.328212292571072,0.0,5.2832037287379885,0,0,0.5444444444444444,1,0,0,1,0
534,0,0,1,1,18165.0,0.0,125.0,360.0,1.0,1,9.80730699406216,0.0,4.836281906951478,0,0,0.3472222222222222,0,0,0,0,1
535,1,0,1,0,2550.0,2042.0,126.0,360.0,1.0,1,7.844240718141811,7.622174594817622,4.844187086458591,0,0,0.35,0,0,0,0,0
536,1,1,0,0,6133.0,3906.0,164.75,360.0,1.0,1,8.721602344674197,8.27052509505507,5.783825182329737,0,0,0.9,0,0,0,0,1
537,1,0,0,0,3617.0,0.0,107.0,360.0,1.0,1,8.193676665955241,0.0,4.68213122712422,0,0,0.2972222222222222,0,1,0,1,0
538,1,1,1,0,2917.0,536.0,66.0,360.0,1.0,0,7.978653729082731,6.285998094508865,4.204692619390966,0,0,0.18333333333333332,0,0,0,0,0
539,1,1,0,0,6417.0,0.0,157.0,180.0,1.0,1,8.766861821669803,0.0,5.062595033026967,0,0,0.8722222222222222,0,0,1,0,0
540,0,1,0,0,4608.0,2845.0,140.0,180.0,1.0,1,8.435766192720509,7.953669778649798,4.948759890378168,0,0,0.7777777777777778,1,0,0,1,0
541,0,0,0,0,2138.0,0.0,99.0,360.0,1.0,0,7.668093709082406,0.0,4.605170185988092,0,0,0.275,0,0,0,1,0
542,0,0,0,0,3652.0,0.0,95.0,360.0,1.0,1,8.203304026795282,0.0,4.564348191467836,0,0,0.2638888888888889,1,0,0,1,0
543,1,1,1,0,2239.0,2524.0,128.0,360.0,1.0,1,7.7142311448490855,7.83399634170946,4.859812404361672,0,0,0.35555555555555557,1,0,0,0,1
544,0,1,1,0,3017.0,663.0,102.0,360.0,1.0,1,8.012349639327795,6.498282149476434,4.634728988229636,0,0,0.2833333333333333,0,0,0,1,0
545,1,1,0,0,2768.0,1950.0,155.0,360.0,1.0,1,7.926241523170962,7.576097340623111,5.049856007249537,0,0,0.4305555555555556,0,0,0,0,0
546,1,0,1,0,3358.0,0.0,80.0,36.0,1.0,0,8.119398589612294,0.0,4.394449154672439,0,0,2.2222222222222223,0,0,0,1,0
547,1,0,0,0,2526.0,1783.0,145.0,360.0,1.0,1,7.834788107388194,7.486613313139955,4.983606621708336,0,0,0.4027777777777778,0,0,0,0,0
548,0,0,0,0,5000.0,0.0,103.0,360.0,1.0,0,8.517393171418904,0.0,4.6443908991413725,0,0,0.2861111111111111,0,0,0,1,0
549,1,1,0,0,2785.0,2016.0,110.0,360.0,1.0,1,7.932362154339751,7.6093665379542115,4.709530201312334,0,0,0.3055555555555556,0,0,0,0,0
550,1,1,0,1,6633.0,0.0,146.41216216216216,360.0,1.0,0,8.799963219506997,0.0,4.9932324876279095,0,0,0.40670045045045045,0,1,0,0,0
551,1,1,1,0,2492.0,2375.0,146.41216216216216,360.0,1.0,1,7.821242083523558,7.773173680482536,4.9932324876279095,0,0,0.40670045045045045,1,0,0,0,0
552,1,1,0,0,3333.0,3250.0,158.0,360.0,1.0,1,8.111928063310739,8.086717920303906,5.0689042022202315,0,0,0.4388888888888889,1,0,0,0,1
553,1,1,1,0,2454.0,2333.0,181.0,360.0,1.0,0,7.805882040228621,7.755338812846501,5.204006687076795,0,0,0.5027777777777778,0,0,0,0,1
554,1,1,0,0,3593.0,4266.0,132.0,180.0,1.0,0,8.187021067343505,8.358666283188,4.890349128221754,0,0,0.7333333333333333,0,0,0,0,0
555,1,1,0,0,5468.0,1032.0,26.0,360.0,1.0,1,8.606851063346772,6.940222469119639,3.295836866004329,0,0,0.07222222222222222,1,0,0,1,0
556,0,0,0,0,2667.0,1625.0,84.0,360.0,1.0,1,7.889084407035514,7.3938782901077555,4.442651256490317,0,0,0.23333333333333334,0,0,0,0,1
557,1,1,0,1,10139.0,0.0,260.0,360.0,1.0,1,9.224243277145174,0.0,5.564520407322694,0,0,0.7222222222222222,0,0,1,1,0
558,1,1,0,0,3887.0,2669.0,162.0,360.0,1.0,1,8.265650165580329,7.8898337513942955,5.093750200806762,0,0,0.45,0,0,0,1,0
559,0,1,0,0,4180.0,2306.0,182.0,360.0,1.0,1,8.338305731356565,7.7437032581737535,5.209486152841421,0,0,0.5055555555555555,0,0,0,1,0
560,1,1,1,0,3675.0,242.0,108.0,360.0,1.0,1,8.209580483475577,5.493061443340548,4.6913478822291435,0,0,0.3,0,1,0,1,0
561,0,1,0,1,19484.0,0.0,164.75,360.0,1.0,1,9.87740021777281,0.0,6.398594934535208,0,0,1.6666666666666667,1,0,0,1,0
562,1,1,0,0,5923.0,2054.0,211.0,360.0,1.0,1,8.68676717538769,7.628031126930335,5.356586274672012,0,0,0.5861111111111111,0,0,0,0,0
563,1,0,1,1,5800.0,0.0,132.0,360.0,1.0,1,8.665785595466064,0.0,4.890349128221754,0,0,0.36666666666666664,0,0,0,1,0
564,1,1,0,0,8799.0,0.0,258.0,360.0,1.0,0,9.082507000466299,0.0,5.556828061699537,0,0,0.7166666666666667,0,1,0,0,1
565,1,1,1,0,4467.0,0.0,120.0,360.0,1.0,1,8.404696160189092,0.0,4.795790545596741,0,0,0.3333333333333333,0,0,0,0,0
566,1,0,0,0,3333.0,0.0,70.0,360.0,1.0,1,8.111928063310739,0.0,4.2626798770413155,0,0,0.19444444444444445,0,0,0,0,1
567,1,1,0,0,3400.0,2500.0,123.0,360.0,1.0,0,8.131824785007195,7.824445930877619,4.820281565605037,0,0,0.3416666666666667,0,0,1,0,0
568,0,0,0,0,2378.0,0.0,9.0,360.0,1.0,0,7.774435510302958,0.0,2.302585092994046,0,0,0.025,0,0,0,0,1
569,1,1,0,0,3166.0,2064.0,104.0,360.0,1.0,0,8.06054004653864,7.632885505395133,4.653960350157523,0,0,0.28888888888888886,0,0,0,0,1
570,1,1,0,0,3417.0,1750.0,186.0,360.0,1.0,1,8.136810863675537,7.467942332285852,5.231108616854587,0,0,0.5166666666666667,1,0,0,0,1
571,1,1,0,0,5116.0,1451.0,165.0,360.0,1.0,0,8.540323608805092,7.280697195384741,5.111987788356544,0,0,0.4583333333333333,0,0,0,0,1
572,1,1,0,0,16666.0,0.0,164.75,360.0,1.0,1,9.721185995542177,0.0,5.62040086571715,0,0,0.7638888888888888,0,1,0,0,1
573,1,1,1,0,6125.0,1625.0,187.0,480.0,1.0,0,8.72029728739272,7.3938782901077555,5.236441962829949,0,0,0.38958333333333334,0,1,0,1,0
574,1,1,0,0,6406.0,0.0,150.0,360.0,1.0,0,8.765146421639022,0.0,5.017279836814924,0,0,0.4166666666666667,0,0,1,1,0
575,1,1,0,0,3159.0,461.0,108.0,84.0,1.0,1,8.058327306580958,6.135564891081739,4.6913478822291435,0,0,1.2857142857142858,0,1,0,0,1
576,1,1,0,0,3087.0,2210.0,136.0,360.0,1.0,0,8.035278911144667,7.701200180857446,4.919980925828125,0,0,0.37777777777777777,0,0,0,1,0
577,1,0,0,0,3229.0,2739.0,110.0,360.0,1.0,1,8.080237416216702,7.915713199382116,4.709530201312334,0,0,0.3055555555555556,0,0,0,0,1
578,1,1,0,0,1782.0,2232.0,107.0,360.0,1.0,1,7.48605261786314,7.711101251840158,4.68213122712422,0,0,0.2972222222222222,1,0,0,0,0
579,1,0,0,0,3182.0,2917.0,161.0,360.0,1.0,1,8.065579427282092,7.978653729082731,5.087596335232384,0,0,0.44722222222222224,0,0,0,0,1
580,1,1,0,0,6540.0,0.0,205.0,360.0,1.0,1,8.785845337961213,0.0,5.327876168789581,0,0,0.5694444444444444,0,1,0,1,0
581,1,0,0,0,1836.0,2297.25,90.0,360.0,1.0,0,7.515889085215125,10.429339710318741,4.51085950651685,0,0,0.25,0,0,0,0,1
582,0,1,0,0,3166.0,0.0,36.0,360.0,1.0,1,8.06054004653864,0.0,3.6109179126442243,0,0,0.1,0,0,0,1,0
583,1,1,0,0,1880.0,0.0,61.0,360.0,1.0,0,7.53955882930103,0.0,4.127134385045092,0,0,0.16944444444444445,1,0,0,0,0
584,1,1,0,0,2787.0,1917.0,146.0,360.0,1.0,0,7.933079771880415,7.559038255443384,4.990432586778736,0,0,0.40555555555555556,1,0,0,0,0
585,1,1,0,0,4283.0,3000.0,172.0,84.0,1.0,0,8.36264243156764,8.006700845440367,5.153291594497779,0,0,2.0476190476190474,1,0,0,0,0
586,1,1,0,0,2297.0,1522.0,104.0,360.0,1.0,1,7.739794458408701,7.328437352895162,4.653960350157523,0,0,0.28888888888888886,0,0,0,0,1
587,0,0,1,0,2165.0,0.0,70.0,360.0,1.0,1,7.680637427560936,0.0,4.2626798770413155,0,0,0.19444444444444445,0,0,0,1,0
588,1,0,0,0,4750.0,0.0,94.0,360.0,1.0,1,8.46611040118692,0.0,4.553876891600541,0,0,0.2611111111111111,0,0,0,1,0
589,1,1,0,1,2726.0,0.0,106.0,360.0,1.0,0,7.910957382845589,0.0,4.672828834461906,0,0,0.29444444444444445,0,1,0,1,0
590,1,1,0,0,3000.0,3416.0,56.0,180.0,1.0,1,8.006700845440367,8.136518252115291,4.04305126783455,0,0,0.3111111111111111,0,0,0,1,0
591,1,1,0,1,6000.0,0.0,205.0,240.0,1.0,0,8.699681400989514,0.0,5.327876168789581,0,0,0.8541666666666666,0,1,0,1,0
592,1,0,0,1,9357.0,0.0,164.75,360.0,1.0,1,9.143986871426161,0.0,5.680172609017068,0,0,0.8111111111111111,0,0,1,1,0
593,1,1,0,0,3859.0,3300.0,142.0,180.0,1.0,1,8.258422462458876,8.101980731853192,4.962844630259907,0,0,0.7888888888888889,0,0,0,0,0
594,1,1,0,1,16120.0,0.0,260.0,360.0,1.0,1,9.687878048875998,0.0,5.564520407322694,0,0,0.7222222222222222,0,0,0,0,1
595,1,0,1,0,3833.0,0.0,110.0,360.0,1.0,1,8.251663923605589,0.0,4.709530201312334,0,0,0.3055555555555556,0,0,0,0,0
596,1,1,1,1,6383.0,1000.0,187.0,360.0,1.0,0,8.761550139129644,6.90875477931522,5.236441962829949,0,0,0.5194444444444445,0,1,0,0,0
597,1,0,0,0,2987.0,0.0,88.0,360.0,1.0,0,8.002359546252707,0.0,4.48863636973214,0,0,0.24444444444444444,0,0,0,1,0
598,1,1,0,1,9963.0,0.0,180.0,360.0,1.0,1,9.20673387638207,0.0,5.198497031265826,0,0,0.5,0,0,0,0,0
599,1,1,0,0,5780.0,0.0,192.0,360.0,1.0,1,8.662331957082475,0.0,5.262690188904886,0,0,0.5333333333333333,0,1,0,0,1
600,0,0,0,0,416.0,2297.25,164.75,180.0,1.0,0,6.0330862217988015,10.637488727104339,5.860786223465865,0,0,1.9444444444444444,0,0,1,0,1
601,1,1,1,0,2894.0,2792.0,155.0,360.0,1.0,1,7.970740390007095,7.934871565945176,5.049856007249537,0,0,0.4305555555555556,0,0,0,0,0
602,1,1,0,0,5703.0,0.0,128.0,360.0,1.0,1,8.648922962094131,0.0,4.859812404361672,0,0,0.35555555555555557,0,0,1,0,1
603,1,0,0,0,3676.0,4301.0,172.0,360.0,1.0,1,8.209852481301272,8.366835309827675,5.153291594497779,0,0,0.4777777777777778,0,0,0,0,0
604,0,1,0,0,12000.0,0.0,164.75,360.0,1.0,1,9.392745258631441,0.0,6.208590026096629,0,0,1.3777777777777778,1,0,0,1,0
605,1,1,1,0,2400.0,3800.0,146.41216216216216,180.0,1.0,0,7.783640596221253,8.24301946898925,4.9932324876279095,0,0,0.8134009009009009,0,0,0,0,1
606,1,1,0,0,3400.0,2500.0,173.0,360.0,1.0,1,8.131824785007195,7.824445930877619,5.159055299214529,0,0,0.48055555555555557,1,0,0,1,0
607,1,1,1,0,3987.0,1411.0,157.0,360.0,1.0,1,8.291045131081729,7.252762418053187,5.062595033026967,0,0,0.4361111111111111,0,1,0,0,0
608,1,1,0,0,3232.0,1950.0,108.0,360.0,1.0,1,8.081165777725433,7.576097340623111,4.6913478822291435,0,0,0.3,0,0,0,0,0
609,0,0,0,0,2900.0,0.0,71.0,360.0,1.0,1,7.972810784121404,0.0,4.276666119016055,0,0,0.19722222222222222,0,0,0,0,0
610,1,1,0,0,4106.0,0.0,40.0,180.0,1.0,1,8.320448113956559,0.0,3.713572066704308,0,0,0.2222222222222222,0,0,1,0,0
611,1,1,0,0,8072.0,240.0,253.0,360.0,1.0,1,8.996280439395015,5.484796933490655,5.537334267018537,0,0,0.7027777777777777,1,0,0,0,1
612,1,1,0,0,7583.0,0.0,187.0,360.0,1.0,1,8.933796043934858,0.0,5.236441962829949,0,0,0.5194444444444445,0,1,0,0,1
613,0,0,0,1,4583.0,0.0,133.0,360.0,1.0,0,8.430327258394575,0.0,4.897839799950911,0,0,0.36944444444444446,0,0,0,1,0
